"ID","biter_ID","ID_species","Biter_species","ID_Time_diff","Biter_Time_diff","ID_lat","ID_long","Biter_lat","Biter_long","Year","ID_accuracy","Biter_accuracy","Serial_Int","Bite_dist","Species_trans"
5,21,1,2,1855,1621,NA,NA,NA,NA,2015,0,7,234,11815.1618059561,"WD"
2,69,1,1,1196,832,NA,NA,NA,NA,2013,7,7,364,4518.03421702628,"DD"
3,44,1,2,711,709,NA,NA,NA,NA,2012,7,7,2,8955.78355389375,"WD"
6,70,2,1,777,647,NA,NA,NA,NA,2012,7,7,130,667.350082107568,"DW"
7,43,2,2,780,776,NA,NA,NA,NA,2013,7,7,4,3645.71255374988,"WW"
4,2,1,1,1332,1196,NA,NA,NA,NA,2014,7,7,136,2383.46816098472,"DD"
1,44,1,2,740,709,NA,NA,NA,NA,2012,7,7,31,3167.27743914636,"WD"
9,8,4,2,1251,1234,NA,NA,NA,NA,2014,0,7,17,2381.92374932917,"WC"
8,2,2,1,1234,1196,NA,NA,NA,NA,2014,7,7,38,12318.5177840717,"DW"
11,12,1,1,804,222,NA,NA,NA,NA,2011,7,7,582,703.753185929587,"DD"
10,21,1,2,1789,1621,NA,NA,NA,NA,2015,7,7,168,14512.0544288873,"WD"
12,16,1,2,222,209,NA,NA,NA,NA,2011,7,7,13,6623.64496787784,"WD"
13,14,1,1,345,314,NA,NA,NA,NA,2011,7,7,31,672.545760588262,"DD"
14,19,1,2,314,253,NA,NA,NA,NA,2011,7,7,61,4185.75910927814,"WD"
15,13,1,1,465,345,NA,NA,NA,NA,2011,7,7,120,3165.32516547262,"DD"
16,33,2,1,209,119,NA,NA,NA,NA,2011,7,7,90,10648.8272636918,"DW"
17,12,2,1,253,222,NA,NA,NA,NA,2011,7,7,31,6786.43923097834,"DW"
20,62,1,2,656,641,NA,NA,NA,NA,2012,7,7,15,19882.6140012386,"WD"
21,8,2,2,1621,1234,NA,NA,NA,NA,2014,7,7,387,4872.32120495884,"WW"
22,23,2,1,455,439,NA,NA,NA,NA,2012,7,7,16,110.262372875079,"DW"
23,24,1,2,439,439,NA,NA,NA,NA,2012,7,7,0,5767.88670837154,"WD"
24,27,2,2,439,410,NA,NA,NA,NA,2012,7,7,29,511.572844245902,"WW"
18,11,2,1,1414,804,NA,NA,NA,NA,2013,7,7,610,9731.43011755213,"DW"
19,17,2,2,253,253,NA,NA,NA,NA,2011,7,7,0,9499.97173475401,"WW"
25,24,2,2,896,439,NA,NA,NA,NA,2012,7,7,457,2403.15203576761,"WW"
26,25,2,2,921,896,NA,NA,NA,NA,2013,7,7,25,13.4186188714736,"WW"
27,65,2,2,410,368,NA,NA,NA,NA,2012,7,7,42,10103.2424365637,"WW"
28,88,2,2,537,507,NA,NA,NA,NA,2012,7,7,30,6423.12008923072,"WW"
29,30,2,2,954,896,NA,NA,NA,NA,2013,7,7,58,6897.43713728552,"WW"
30,81,2,2,896,843,NA,NA,NA,NA,2013,7,7,53,6770.21860805479,"WW"
31,29,2,2,980,954,NA,NA,NA,NA,2013,7,7,26,68.0412101989964,"WW"
32,41,1,1,642,413,NA,NA,NA,NA,2012,7,7,229,913.885217011089,"DD"
33,151,1,2,119,92,NA,NA,NA,NA,2011,7,7,27,32110.0849263046,"WD"
40,39,1,1,412,401,NA,NA,NA,NA,2012,7,0,11,0,"DD"
41,37,1,1,413,401,NA,NA,NA,NA,2012,7,0,12,0,"DD"
39,36,1,1,401,398,NA,NA,NA,NA,2012,0,0,3,0,"DD"
37,35,1,1,401,398,NA,NA,NA,NA,2012,0,0,3,0,"DD"
38,35,1,1,399,398,NA,NA,NA,NA,2012,0,0,1,0,"DD"
36,34,1,1,398,395,NA,NA,NA,NA,2012,0,7,3,742.036425182868,"DD"
34,13,1,1,395,345,NA,NA,NA,NA,2011,7,7,50,11992.5965029544,"DD"
35,34,1,1,398,395,NA,NA,NA,NA,2012,0,7,3,742.036425182868,"DD"
46,60,2,2,1321,1261,NA,NA,NA,NA,2014,7,7,60,8991.62598766196,"WW"
45,51,2,2,944,887,NA,NA,NA,NA,2013,7,7,57,9253.13916863683,"WW"
44,62,2,2,709,641,NA,NA,NA,NA,2012,7,7,68,8875.93062297425,"WW"
43,42,2,2,776,769,NA,NA,NA,NA,2013,7,7,7,701.051177106778,"WW"
42,1,2,1,769,740,NA,NA,NA,NA,2013,7,7,29,3912.48239542251,"DW"
47,45,2,2,1067,944,NA,NA,NA,NA,2013,7,7,123,2588.03721203434,"WW"
56,60,2,2,1261,1261,NA,NA,NA,NA,2014,7,7,0,7501.36564120782,"WW"
57,55,2,2,1534,1329,NA,NA,NA,NA,2014,7,7,205,3458.8173565951,"WW"
59,66,2,1,330,200,NA,NA,NA,NA,2011,7,7,130,40824.3705107918,"DW"
60,56,2,2,1261,1261,NA,NA,NA,NA,2014,7,7,0,7501.36564120791,"WW"
68,85,2,2,720,713,NA,NA,NA,NA,2012,7,7,7,1750.43572510362,"WW"
49,65,2,2,432,368,NA,NA,NA,NA,2012,7,7,64,16503.7852154578,"WW"
50,43,2,2,835,776,NA,NA,NA,NA,2013,7,7,59,6478.2353091501,"WW"
51,50,2,2,887,835,NA,NA,NA,NA,2013,7,7,52,5757.69081630496,"WW"
52,53,2,2,1096,909,NA,NA,NA,NA,2013,7,7,187,1217.90673444662,"WW"
53,51,2,2,909,887,NA,NA,NA,NA,2013,7,7,22,6502.74481300353,"WW"
54,52,2,2,1169,1096,NA,NA,NA,NA,2014,7,7,73,5202.47832213021,"WW"
55,56,2,2,1329,1261,NA,NA,NA,NA,2014,7,7,68,3473.42418593946,"WW"
58,60,2,2,1291,1261,NA,NA,NA,NA,2014,7,7,30,17144.8108154699,"WW"
61,22,2,2,624,455,NA,NA,NA,NA,2012,7,7,169,12875.3707826769,"WW"
62,61,2,2,641,624,NA,NA,NA,NA,2012,7,7,17,1528.62555219932,"WW"
64,63,2,2,926,926,NA,NA,NA,NA,2013,7,7,0,1065.86188343808,"WW"
63,64,2,2,926,926,NA,NA,NA,NA,2013,7,7,0,1065.86188343777,"WW"
65,66,2,1,368,200,NA,NA,NA,NA,2011,7,7,168,12962.3549632442,"DW"
67,72,2,2,483,468,NA,NA,NA,NA,2012,7,7,15,5482.33166437094,"WW"
69,6,1,2,832,777,NA,NA,NA,NA,2013,7,7,55,54.4208800639385,"WD"
70,62,1,2,647,641,NA,NA,NA,NA,2012,7,7,6,12659.4098522584,"WD"
71,66,2,1,318,200,NA,NA,NA,NA,2011,7,7,118,17873.4953301815,"DW"
72,74,2,2,468,407,NA,NA,NA,NA,2012,7,7,61,1884.35661895025,"WW"
73,170,2,2,1261,1250,NA,NA,NA,NA,2014,7,7,11,4592.90519079468,"WW"
76,77,2,2,508,479,NA,NA,NA,NA,2012,7,7,29,1763.42940957651,"WW"
74,90,2,1,407,384,NA,NA,NA,NA,2012,7,7,23,14498.4964352851,"DW"
75,172,2,2,896,828,NA,NA,NA,NA,2013,7,7,68,5431.64903463289,"WW"
77,72,2,2,479,468,NA,NA,NA,NA,2012,7,7,11,9119.78994804844,"WW"
78,67,2,2,568,483,NA,NA,NA,NA,2012,7,7,85,7132.06624100158,"WW"
79,85,2,2,713,713,NA,NA,NA,NA,2012,7,7,0,9968.59050928339,"WW"
66,33,1,1,200,119,NA,NA,NA,NA,2011,7,7,81,21095.4411270412,"DD"
80,188,2,2,1666,1587,NA,NA,NA,NA,2015,7,7,79,18263.656333323,"WW"
82,78,2,2,587,568,NA,NA,NA,NA,2012,7,7,19,7606.30650641445,"WW"
81,79,2,2,843,713,NA,NA,NA,NA,2012,7,7,130,4921.48082494452,"WW"
83,82,1,2,594,587,NA,NA,NA,NA,2012,7,7,7,8217.02408705721,"WD"
84,71,2,2,385,318,NA,NA,NA,NA,2011,7,7,67,4312.91196770782,"WW"
85,79,2,2,713,713,NA,NA,NA,NA,2012,7,7,0,9968.5905092833,"WW"
86,71,2,2,327,318,NA,NA,NA,NA,2011,7,7,9,4056.84647892294,"WW"
87,85,2,2,986,713,NA,NA,NA,NA,2012,7,7,273,1173.28269124534,"WW"
88,15,2,1,507,465,NA,NA,NA,NA,2012,7,7,42,12076.2417829881,"DW"
89,18,1,2,1528,1414,NA,NA,NA,NA,2014,7,7,114,8552.6677933977,"WD"
90,65,1,2,384,368,NA,NA,NA,NA,2012,7,7,16,17428.3538095596,"WD"
91,442,1,1,23,14,NA,NA,NA,NA,2011,7,7,9,14062.6756092318,"DD"
92,91,1,1,81,23,NA,NA,NA,NA,2011,7,7,58,10668.7343028059,"DD"
93,133,2,1,630,592,NA,NA,NA,NA,2012,7,7,38,13444.3522215721,"DW"
94,95,1,1,1161,926,NA,NA,NA,NA,2013,7,7,235,4600.26899421556,"DD"
96,138,2,2,205,171,NA,NA,NA,NA,2011,7,7,34,8287.72696073027,"WW"
95,93,1,2,926,630,NA,NA,NA,NA,2012,7,7,296,7829.63965490051,"WD"
99,112,2,2,130,116,NA,NA,NA,NA,2011,7,7,14,4777.00471411464,"WW"
100,102,2,2,223,206,NA,NA,NA,NA,2011,7,7,17,3278.24526010517,"WW"
102,99,2,2,206,130,NA,NA,NA,NA,2011,7,7,76,3301.51228102747,"WW"
98,93,1,2,732,630,NA,NA,NA,NA,2012,7,7,102,11734.5835016323,"WD"
103,127,1,2,47,16,NA,NA,NA,NA,2011,7,7,31,18126.9466249732,"WD"
97,94,2,1,1414,1161,NA,NA,NA,NA,2014,7,7,253,10084.5111323949,"DW"
101,117,2,2,1079,1059,NA,NA,NA,NA,2013,7,7,20,15647.3528300473,"WW"
106,99,2,2,156,130,NA,NA,NA,NA,2011,7,7,26,12889.092552668,"WW"
105,106,2,2,433,156,NA,NA,NA,NA,2011,7,7,277,214.749747213261,"WW"
104,98,2,1,793,732,NA,NA,NA,NA,2013,7,7,61,9741.67123794565,"DW"
107,398,1,1,58,51,NA,NA,NA,NA,2011,7,7,7,9283.75928883936,"DD"
108,110,1,2,223,221,NA,NA,NA,NA,2011,7,7,2,2081.29908331587,"WD"
109,108,1,1,592,223,NA,NA,NA,NA,2011,7,7,369,427.366560645204,"DD"
110,102,2,2,221,206,NA,NA,NA,NA,2011,7,7,15,13727.8702316819,"WW"
111,103,1,1,61,47,NA,NA,NA,NA,2011,7,7,14,4778.91483681227,"DD"
113,101,2,2,1830,1079,NA,NA,NA,NA,2013,7,7,751,3860.30741270497,"WW"
112,111,2,1,116,61,NA,NA,NA,NA,2011,7,7,55,4510.45457003054,"DW"
115,116,2,2,222,32,NA,NA,NA,NA,2011,7,7,190,9656.45697593164,"WW"
116,127,2,2,32,16,NA,NA,NA,NA,2011,7,7,16,51602.1748428808,"WW"
117,118,2,2,1059,1049,NA,NA,NA,NA,2013,7,7,10,455.786163650737,"WW"
118,230,2,2,1049,947,NA,NA,NA,NA,2013,7,7,102,153.703383612824,"WW"
230,104,2,2,947,793,NA,NA,NA,NA,2013,7,7,154,16999.1381384005,"WW"
120,123,2,2,167,142,NA,NA,NA,NA,2011,7,7,25,8395.29304160212,"WW"
121,120,2,2,247,167,NA,NA,NA,NA,2011,7,7,80,400.331847174626,"WW"
122,134,1,2,449,429,NA,NA,NA,NA,2012,7,7,20,9673.40523066792,"WD"
125,127,2,2,98,16,NA,NA,NA,NA,2011,7,7,82,3918.19397423523,"WW"
127,142,2,1,16,11,NA,NA,NA,NA,2011,7,7,5,8218.85808295891,"DW"
124,123,2,2,217,142,NA,NA,NA,NA,2011,7,7,75,528.924738127326,"WW"
128,113,2,2,1859,1830,NA,NA,NA,NA,2016,7,7,29,15016.5015712511,"WW"
123,125,2,2,142,98,NA,NA,NA,NA,2011,7,7,44,6006.27009245154,"WW"
129,131,2,1,1434,1261,NA,NA,NA,NA,2014,7,7,173,7730.52442058592,"DW"
132,125,1,2,124,98,NA,NA,NA,NA,2011,7,7,26,12695.5892933845,"WD"
133,130,1,1,592,339,NA,NA,NA,NA,2011,7,7,253,1623.52976062371,"DD"
130,132,1,1,339,124,NA,NA,NA,NA,2011,7,7,215,1033.4073335553,"DD"
131,130,1,1,1261,339,NA,NA,NA,NA,2011,7,7,922,0,"DD"
134,141,2,2,429,410,NA,NA,NA,NA,2012,7,7,19,12580.0815871426,"WW"
136,135,1,2,1144,1141,NA,NA,NA,NA,2014,7,7,3,319.806337004258,"WD"
135,134,2,2,1141,429,NA,NA,NA,NA,2012,7,7,712,408.595195939055,"WW"
229,103,2,1,56,47,NA,NA,NA,NA,2011,7,7,9,9712.67633845176,"DW"
137,100,2,2,243,223,NA,NA,NA,NA,2011,7,7,20,8351.28975715069,"WW"
142,433,1,2,11,2,NA,NA,NA,NA,2011,7,7,9,26560.466336488,"WD"
141,140,2,1,410,405,NA,NA,NA,NA,2012,7,7,5,731.353986043324,"DW"
139,138,2,2,175,171,NA,NA,NA,NA,2011,7,7,4,3697.3332267699,"WW"
138,431,2,2,171,134,NA,NA,NA,NA,2011,7,7,37,12258.5338401073,"WW"
144,97,2,2,1565,1414,NA,NA,NA,NA,2014,7,7,151,15061.0026555103,"WW"
140,130,1,1,405,339,NA,NA,NA,NA,2011,7,7,66,5255.27728606067,"DD"
143,139,2,2,236,175,NA,NA,NA,NA,2011,7,7,61,5668.78094198426,"WW"
114,239,1,2,1280,1261,NA,NA,NA,NA,2014,7,7,19,28013.6942051347,"WD"
119,112,2,2,122,116,NA,NA,NA,NA,2011,7,7,6,16934.9658382162,"WW"
145,477,1,1,1291,1257,NA,NA,NA,NA,2014,7,7,34,13499.1921997546,"DD"
146,479,2,2,794,531,NA,NA,NA,NA,2012,7,7,263,11042.1053116367,"WW"
147,480,2,1,1909,1899,NA,NA,NA,NA,2016,7,28,10,10062.8904285942,"DW"
148,152,2,2,531,429,NA,NA,NA,NA,2012,7,7,102,7318.4276353688,"WW"
149,150,2,2,165,93,NA,NA,NA,NA,2011,7,7,72,481.17135486919,"WW"
150,151,2,2,93,92,NA,NA,NA,NA,2011,7,7,1,1754.61956697241,"WW"
154,152,2,2,1200,429,NA,NA,NA,NA,2012,7,7,771,436.564378604477,"WW"
153,187,2,2,1745,1329,NA,NA,NA,NA,2014,28,7,416,857.281334900137,"WW"
155,149,2,2,233,165,NA,NA,NA,NA,2011,7,7,68,2120.18175026446,"WW"
157,154,2,2,1320,1200,NA,NA,NA,NA,2014,7,7,120,9993.70808252909,"WW"
158,180,2,2,164,158,NA,NA,NA,NA,2011,7,7,6,10150.9165216372,"WW"
159,186,1,2,1580,1359,NA,NA,NA,NA,2014,7,7,221,9967.5933279308,"WD"
160,162,2,2,73,19,NA,NA,NA,NA,2011,7,7,54,9697.25009288632,"WW"
161,156,2,1,6,2,NA,NA,NA,NA,2011,7,7,4,26795.701952626,"DW"
162,161,2,2,19,6,NA,NA,NA,NA,2011,7,7,13,2354.61435093331,"WW"
163,178,2,2,429,400,NA,NA,NA,NA,2012,7,7,29,25116.7907660716,"WW"
164,184,1,1,479,449,NA,NA,NA,NA,2012,7,7,30,2314.34374252742,"DD"
165,160,2,2,73,73,NA,NA,NA,NA,2011,7,7,0,20457.1345141542,"WW"
166,188,2,2,1602,1587,NA,NA,NA,NA,2015,7,7,15,5281.98759596068,"WW"
167,68,4,2,791,720,NA,NA,NA,NA,2012,28,7,71,8193.47904459094,"WC"
168,87,1,2,1140,986,NA,NA,NA,NA,2013,7,7,154,5243.19547632997,"WD"
169,168,1,1,1144,1140,NA,NA,NA,NA,2014,7,7,4,943.885022774685,"DD"
177,175,2,2,589,551,NA,NA,NA,NA,2012,7,7,38,3781.54064655267,"WW"
173,171,2,1,523,494,NA,NA,NA,NA,2012,7,7,29,759.086291317104,"DW"
178,84,2,2,400,385,NA,NA,NA,NA,2012,7,7,15,16545.205529647,"WW"
180,189,2,2,158,157,NA,NA,NA,NA,2011,7,7,1,7521.24722850255,"WW"
183,185,2,4,819,747,NA,NA,NA,NA,2013,7,7,72,8081.36851107897,"CW"
182,181,2,1,531,474,NA,NA,NA,NA,2012,7,7,57,4323.38684568559,"DW"
190,203,2,2,54,54,NA,NA,NA,NA,2011,7,7,0,16927.6515081659,"WW"
191,194,2,2,490,470,NA,NA,NA,NA,2012,7,7,20,9553.16266159206,"WW"
192,191,1,2,535,490,NA,NA,NA,NA,2012,7,7,45,720.965935997136,"WD"
193,213,1,1,353,212,NA,NA,NA,NA,2011,7,7,141,4903.89622155765,"DD"
194,195,2,1,470,215,NA,NA,NA,NA,2011,7,7,255,2768.9568984687,"DW"
195,213,1,1,215,212,NA,NA,NA,NA,2011,7,7,3,10543.2832323918,"DD"
196,223,1,1,1100,835,NA,NA,NA,NA,2013,7,7,265,13507.213002758,"DD"
205,206,1,1,400,226,NA,NA,NA,NA,2011,7,7,174,4947.05336594083,"DD"
201,200,1,1,193,192,NA,NA,NA,NA,2011,7,7,1,3925.87043286445,"DD"
206,210,1,2,226,111,NA,NA,NA,NA,2011,7,7,115,977.799206517357,"WD"
207,208,1,1,1570,1383,NA,NA,NA,NA,2014,7,7,187,744.442632098529,"DD"
208,202,1,1,1383,1287,NA,NA,NA,NA,2014,7,7,96,7162.3699167287,"DD"
209,210,1,2,124,111,NA,NA,NA,NA,2011,7,7,13,340.166012638419,"WD"
210,203,2,2,111,54,NA,NA,NA,NA,2011,7,7,57,8851.14762049458,"WW"
211,209,1,1,138,124,NA,NA,NA,NA,2011,7,7,14,6801.04576543958,"DD"
212,186,2,2,1414,1359,NA,NA,NA,NA,2014,7,7,55,7401.68101811671,"WW"
213,149,1,2,212,165,NA,NA,NA,NA,2011,7,7,47,13600.3789343842,"WD"
216,220,1,2,1230,1200,NA,NA,NA,NA,2014,28,7,30,2872.53162968602,"WD"
215,221,1,1,504,464,NA,NA,NA,NA,2012,7,7,40,11188.0104100251,"DD"
217,216,2,1,1337,1230,NA,NA,NA,NA,2014,7,28,107,9387.22397060442,"DW"
218,225,2,1,268,236,NA,NA,NA,NA,2011,7,7,32,8671.7518355601,"DW"
220,224,2,1,1200,850,NA,NA,NA,NA,2013,7,7,350,7240.55726222722,"DW"
219,222,2,2,221,97,NA,NA,NA,NA,2011,7,7,124,6166.18969076618,"WW"
222,228,2,2,97,64,NA,NA,NA,NA,2011,7,7,33,18943.9625415718,"WW"
226,207,2,1,1882,1570,NA,NA,NA,NA,2015,7,7,312,16596.5393368147,"DW"
227,211,1,1,167,138,NA,NA,NA,NA,2011,7,7,29,11197.5125851617,"DD"
228,161,2,2,64,6,NA,NA,NA,NA,2011,7,7,58,17291.5462031127,"WW"
233,260,2,2,1075,896,NA,NA,NA,NA,2013,7,7,179,26692.7290525492,"WW"
237,262,1,2,179,119,NA,NA,NA,NA,2011,7,7,60,14199.6320061703,"WD"
236,234,2,1,1931,1900,NA,NA,NA,NA,2016,7,7,31,21062.6218168655,"DW"
234,233,1,2,1900,1075,NA,NA,NA,NA,2013,7,7,825,13937.8457800923,"WD"
238,242,2,2,298,73,NA,NA,NA,NA,2011,7,7,225,138.895687184772,"WW"
242,250,2,2,73,45,NA,NA,NA,NA,2011,7,7,28,9564.37721719935,"WW"
250,309,2,2,45,45,NA,NA,NA,NA,2011,7,7,0,52102.9210832236,"WW"
255,236,2,2,1952,1931,NA,NA,NA,NA,2016,7,7,21,3516.0657836317,"WW"
256,268,2,2,354,309,NA,NA,NA,NA,2011,7,7,45,5023.54468017081,"WW"
259,257,4,2,552,531,NA,NA,NA,NA,2012,7,7,21,2535.11723279186,"WC"
262,277,2,1,119,118,NA,NA,NA,NA,2011,7,7,1,19919.664665159,"DW"
261,283,1,1,266,219,NA,NA,NA,NA,2011,7,7,47,10312.258463197,"DD"
263,308,1,1,236,191,NA,NA,NA,NA,2011,7,7,45,16303.5625844381,"DD"
267,273,2,1,1207,1195,NA,NA,NA,NA,2014,7,7,12,1925.70731259911,"DW"
272,281,1,2,1167,1141,NA,NA,NA,NA,2014,7,7,26,20615.9192121692,"WD"
281,260,2,2,1141,896,NA,NA,NA,NA,2013,7,7,245,5508.97865397692,"WW"
284,288,2,1,896,544,NA,NA,NA,NA,2012,7,7,352,6488.45623760398,"DW"
286,203,2,2,73,54,NA,NA,NA,NA,2011,7,7,19,12165.5969444283,"WW"
300,298,1,2,318,311,NA,NA,NA,NA,2011,7,7,7,567.194204387619,"WD"
298,323,2,1,311,311,NA,NA,NA,NA,2011,7,7,0,5319.15184287729,"DW"
297,300,1,1,403,318,NA,NA,NA,NA,2011,7,7,85,453.226541924844,"DD"
304,301,1,1,1179,996,NA,NA,NA,NA,2013,7,7,183,5941.35403789284,"DD"
305,307,1,1,347,270,NA,NA,NA,NA,2011,7,7,77,7460.06938737627,"DD"
308,264,1,2,191,116,NA,NA,NA,NA,2011,7,7,75,7051.76616613871,"WD"
309,310,2,2,45,45,NA,NA,NA,NA,2011,7,7,0,4317.46600150702,"WW"
311,310,1,2,73,45,NA,NA,NA,NA,2011,7,7,28,1112.29396489358,"WD"
314,312,1,1,440,348,NA,NA,NA,NA,2011,7,7,92,12041.5119929089,"DD"
312,315,1,1,348,283,NA,NA,NA,NA,2011,7,7,65,8166.63242550674,"DD"
313,266,2,1,123,114,NA,NA,NA,NA,2011,7,7,9,10850.3657799605,"DW"
321,320,1,1,531,410,NA,NA,NA,NA,2012,7,7,121,143.171557659488,"DD"
320,322,1,1,410,408,NA,NA,NA,NA,2012,7,7,2,5744.49951610558,"DD"
317,321,1,1,684,531,NA,NA,NA,NA,2012,7,7,153,526.138978856157,"DD"
318,317,1,1,714,684,NA,NA,NA,NA,2012,7,7,30,9.96521975268026,"DD"
319,318,1,1,727,714,NA,NA,NA,NA,2012,7,7,13,0,"DD"
316,134,1,2,514,429,NA,NA,NA,NA,2012,7,7,85,9818.24973690703,"WD"
315,307,1,1,283,270,NA,NA,NA,NA,2011,7,7,13,21448.3714316362,"DD"
325,326,1,1,584,531,NA,NA,NA,NA,2012,7,7,53,5647.14653648134,"DD"
327,220,1,2,1212,1200,NA,NA,NA,NA,2014,7,7,12,35726.0818420602,"WD"
338,337,1,1,584,576,NA,NA,NA,NA,2012,7,28,8,6.78023809153613,"DD"
339,338,1,1,675,584,NA,NA,NA,NA,2012,28,7,91,0,"DD"
340,339,1,1,684,675,NA,NA,NA,NA,2012,28,28,9,0,"DD"
296,335,1,1,668,665,NA,NA,NA,NA,2012,7,7,3,9449.62000761955,"DD"
295,291,1,4,963,912,NA,NA,NA,NA,2013,7,28,51,15727.2889298597,"CD"
293,296,1,1,708,668,NA,NA,NA,NA,2012,7,7,40,12404.0512981817,"DD"
301,295,1,1,996,963,NA,NA,NA,NA,2013,7,7,33,15551.4049455666,"DD"
299,336,1,1,172,64,NA,NA,NA,NA,2011,7,7,108,3293.38889277292,"DD"
302,304,1,1,1573,1179,NA,NA,NA,NA,2014,7,7,394,796.563226651799,"DD"
303,306,1,1,531,385,NA,NA,NA,NA,2012,7,7,146,4035.5997301053,"DD"
307,308,1,1,270,191,NA,NA,NA,NA,2011,7,7,79,5881.62759429776,"DD"
306,305,1,1,385,347,NA,NA,NA,NA,2011,7,7,38,4908.12501364719,"DD"
310,309,2,2,45,45,NA,NA,NA,NA,2011,7,7,0,4317.4660015072,"WW"
324,218,1,2,354,268,NA,NA,NA,NA,2011,7,7,86,9167.53856520933,"WD"
322,297,1,1,408,403,NA,NA,NA,NA,2012,7,7,5,10736.3179634104,"DD"
323,298,1,2,311,311,NA,NA,NA,NA,2011,7,7,0,5319.15184287749,"WD"
326,324,1,1,531,354,NA,NA,NA,NA,2011,7,7,177,6020.85793025445,"DD"
329,263,1,1,298,236,NA,NA,NA,NA,2011,7,7,62,10168.2766000237,"DD"
330,333,1,1,378,361,NA,NA,NA,NA,2011,7,7,17,20772.753864135,"DD"
328,332,1,1,659,621,NA,NA,NA,NA,2012,7,7,38,19294.3464591027,"DD"
332,338,1,1,621,584,NA,NA,NA,NA,2012,7,7,37,10942.4154215113,"DD"
331,302,2,1,1576,1573,NA,NA,NA,NA,2015,7,7,3,11968.7497599859,"DW"
336,310,1,2,64,45,NA,NA,NA,NA,2011,7,7,19,17041.9006934158,"WD"
335,338,1,1,665,584,NA,NA,NA,NA,2012,7,7,81,3696.72940421713,"DD"
333,300,1,1,361,318,NA,NA,NA,NA,2011,7,7,43,4297.14186373589,"DD"
337,303,1,1,576,531,NA,NA,NA,NA,2012,28,7,45,8072.76009838745,"DD"
334,304,2,1,1261,1179,NA,NA,NA,NA,2014,28,7,82,10483.8712055636,"DW"
294,334,4,2,1272,1261,NA,NA,NA,NA,2014,0,28,11,17508.2104990712,"WC"
241,235,2,2,1205,776,NA,NA,NA,NA,2013,7,7,429,263.789207018106,"WW"
291,284,4,2,912,896,NA,NA,NA,NA,2013,28,7,16,14188.153251169,"WC"
246,250,2,2,111,45,NA,NA,NA,NA,2011,7,7,66,196.680002417214,"WW"
252,251,4,4,583,247,NA,NA,NA,NA,2011,7,7,336,192.975387060657,"CC"
254,255,2,2,1952,1952,NA,NA,NA,NA,2016,7,7,0,3852.76300413036,"WW"
245,248,2,2,1645,1534,NA,NA,NA,NA,2015,7,7,111,14126.0167001395,"WW"
279,277,2,1,139,118,NA,NA,NA,NA,2011,7,7,21,3178.67059592405,"DW"
249,241,2,2,1230,1205,NA,NA,NA,NA,2014,7,7,25,9782.80832344905,"WW"
269,270,1,1,595,519,NA,NA,NA,NA,2012,7,7,76,607.602349991219,"DD"
240,239,2,2,1414,1261,NA,NA,NA,NA,2014,28,7,153,397.531401969583,"WW"
244,245,2,2,1655,1645,NA,NA,NA,NA,2015,7,7,10,316.874890052337,"WW"
278,277,2,1,1023,118,NA,NA,NA,NA,2011,7,7,905,255.63404618427,"DW"
268,283,2,1,309,219,NA,NA,NA,NA,2011,7,7,90,588.419280401107,"DW"
235,247,2,1,776,659,NA,NA,NA,NA,2012,7,7,117,9623.36608207724,"DW"
260,269,2,1,896,595,NA,NA,NA,NA,2012,7,7,301,6499.37478354825,"DW"
270,282,1,2,519,366,NA,NA,NA,NA,2012,7,7,153,4461.08587089379,"WD"
251,283,4,1,247,219,NA,NA,NA,NA,2011,7,7,28,15647.4076646471,"Dc"
243,244,2,2,1718,1655,NA,NA,NA,NA,2015,7,7,63,353.628891554326,"WW"
283,262,1,2,219,119,NA,NA,NA,NA,2011,7,7,100,2925.37814718927,"WD"
277,275,1,1,118,111,NA,NA,NA,NA,2011,7,7,7,1399.31919917499,"DD"
280,256,2,2,364,354,NA,NA,NA,NA,2011,7,7,10,8986.039795983,"WW"
285,284,2,2,1261,896,NA,NA,NA,NA,2013,14,7,365,4887.55571673155,"WW"
273,272,1,1,1195,1167,NA,NA,NA,NA,2014,7,7,28,2228.33393931227,"DD"
288,289,1,1,544,544,NA,NA,NA,NA,2012,7,7,0,1362.82577307901,"DD"
232,262,1,2,178,119,NA,NA,NA,NA,2011,7,7,59,38383.1253889441,"WD"
265,301,2,1,1018,996,NA,NA,NA,NA,2013,14,7,22,11078.4352371517,"DW"
174,179,2,1,1081,1049,NA,NA,NA,NA,2013,7,7,32,18606.2220584557,"DW"
264,266,2,1,116,114,NA,NA,NA,NA,2011,7,7,2,14293.9854745099,"DW"
239,241,2,2,1261,1205,NA,NA,NA,NA,2014,7,7,56,190.354438791716,"WW"
248,240,2,2,1534,1414,NA,NA,NA,NA,2014,7,28,120,7289.94536808415,"WW"
258,257,2,2,546,531,NA,NA,NA,NA,2012,28,7,15,460.167426082094,"WW"
290,289,1,1,547,544,NA,NA,NA,NA,2012,7,7,3,475.667825833612,"DD"
151,160,2,2,92,73,NA,NA,NA,NA,2011,7,7,19,9800.61989122601,"WW"
225,219,1,2,236,221,NA,NA,NA,NA,2011,7,7,15,5621.87029575468,"WD"
224,223,1,1,850,835,NA,NA,NA,NA,2013,7,7,15,3861.45601481053,"DD"
186,187,2,2,1359,1329,NA,NA,NA,NA,2014,7,7,30,7660.45525686556,"WW"
181,184,1,1,474,449,NA,NA,NA,NA,2012,7,7,25,8879.84490229284,"DD"
171,72,1,2,494,468,NA,NA,NA,NA,2012,7,7,26,4753.56782079475,"WD"
176,170,2,2,1261,1250,NA,NA,NA,NA,2014,28,7,11,9126.74109710048,"WW"
221,163,1,2,464,429,NA,NA,NA,NA,2012,7,7,35,10792.5654421682,"WD"
200,227,1,1,192,167,NA,NA,NA,NA,2011,7,7,25,5501.40786352,"DD"
170,174,2,2,1250,1081,NA,NA,NA,NA,2013,7,7,169,4071.75277656529,"WW"
175,173,2,2,551,523,NA,NA,NA,NA,2012,7,7,28,7703.55522000469,"WW"
203,190,2,2,54,54,NA,NA,NA,NA,2011,7,7,0,16927.6515081663,"WW"
172,167,2,4,828,791,NA,NA,NA,NA,2013,7,28,37,17625.478912038,"CW"
179,87,1,2,1049,986,NA,NA,NA,NA,2013,7,7,63,16658.1176198235,"WD"
152,155,2,2,429,233,NA,NA,NA,NA,2011,7,7,196,338.139567565252,"WW"
184,152,1,2,449,429,NA,NA,NA,NA,2012,7,7,20,10070.6157457957,"WD"
185,148,4,2,747,531,NA,NA,NA,NA,2012,7,7,216,7218.7371662344,"WC"
187,154,2,2,1329,1200,NA,NA,NA,NA,2014,7,7,129,373.740700597849,"WW"
188,478,2,1,1587,1452,NA,NA,NA,NA,2014,7,7,135,11545.954918241,"DW"
189,165,2,2,157,73,NA,NA,NA,NA,2011,7,7,84,3975.6248613805,"WW"
197,196,1,1,1105,1100,NA,NA,NA,NA,2014,7,7,5,265.616699876306,"DD"
198,197,1,1,1108,1105,NA,NA,NA,NA,2014,7,7,3,0,"DD"
199,198,1,1,1112,1108,NA,NA,NA,NA,2014,7,7,4,0,"DD"
202,285,1,2,1287,1261,NA,NA,NA,NA,2014,7,14,26,21630.5946002203,"WD"
204,284,2,2,1028,896,NA,NA,NA,NA,2013,7,7,132,12407.2585231635,"WW"
223,215,1,1,835,504,NA,NA,NA,NA,2012,7,7,331,6389.87990921241,"DD"
253,254,2,2,1988,1952,NA,NA,NA,NA,2016,7,7,36,101.318916024558,"WW"
257,270,2,1,531,519,NA,NA,NA,NA,2012,7,7,12,5201.26300210131,"DW"
266,309,1,2,114,45,NA,NA,NA,NA,2011,7,7,69,6021.73159021761,"WD"
275,246,1,2,111,111,NA,NA,NA,NA,2011,7,7,0,15939.7926614565,"WD"
276,275,2,1,119,111,NA,NA,NA,NA,2011,7,7,8,2787.51364972972,"DW"
282,280,2,2,366,364,NA,NA,NA,NA,2011,7,7,2,628.234032688397,"WW"
287,419,1,2,439,437,NA,NA,NA,NA,2012,7,7,2,18157.0928644967,"WD"
289,288,1,1,544,544,NA,NA,NA,NA,2012,7,7,0,1362.82577307897,"DD"
292,132,1,1,146,124,NA,NA,NA,NA,2011,7,7,22,19873.3502555636,"DD"
247,252,1,4,659,583,NA,NA,NA,NA,2012,7,7,76,8041.61101938585,"CD"
386,416,2,1,896,887,NA,NA,NA,NA,2013,14,7,9,17201.6590539536,"DW"
390,412,1,1,345,345,NA,NA,NA,NA,2011,7,7,0,9329.62419582566,"DD"
387,386,1,2,1476,896,NA,NA,NA,NA,2013,7,14,580,4688.76863364743,"WD"
388,387,1,1,1678,1476,NA,NA,NA,NA,2015,7,7,202,6981.91098774657,"DD"
391,390,1,1,521,345,NA,NA,NA,NA,2011,7,7,176,326.614197126609,"DD"
389,405,1,2,303,131,NA,NA,NA,NA,2011,7,7,172,8642.98904818721,"WD"
395,397,1,2,310,277,NA,NA,NA,NA,2011,7,7,33,526.736453861169,"WD"
394,392,2,1,2172,1429,NA,NA,NA,NA,2014,7,7,743,6481.11200794159,"DW"
392,97,1,2,1429,1414,NA,NA,NA,NA,2014,7,7,15,32825.8713169885,"WD"
397,403,2,2,277,227,NA,NA,NA,NA,2011,7,7,50,4906.00495480981,"WW"
400,399,1,1,74,73,NA,NA,NA,NA,2011,7,14,1,10902.8973567628,"DD"
399,398,1,1,73,51,NA,NA,NA,NA,2011,14,7,22,298.401024848801,"DD"
398,103,1,1,51,47,NA,NA,NA,NA,2011,7,7,4,26268.4832769642,"DD"
406,411,1,2,1944,1931,NA,NA,NA,NA,2016,7,7,13,5046.09752648329,"WD"
401,395,1,1,349,310,NA,NA,NA,NA,2011,7,7,39,4213.69135801549,"DD"
404,406,2,1,2206,1944,NA,NA,NA,NA,2016,7,7,262,14061.311113839,"DW"
407,391,1,1,860,521,NA,NA,NA,NA,2012,7,7,339,5022.83151702355,"DD"
414,413,1,4,1537,1080,NA,NA,NA,NA,2013,7,7,457,386.314925292033,"CD"
403,399,2,1,227,73,NA,NA,NA,NA,2011,7,14,154,5185.62748864127,"DW"
409,389,2,1,313,303,NA,NA,NA,NA,2011,7,7,10,12706.3181862993,"DW"
410,416,1,1,953,887,NA,NA,NA,NA,2013,7,7,66,8570.88174469744,"DD"
412,409,1,2,345,313,NA,NA,NA,NA,2011,7,7,32,12.9719234387933,"WD"
413,410,4,1,1080,953,NA,NA,NA,NA,2013,7,7,127,9025.2404813681,"Dc"
411,414,2,1,1931,1537,NA,NA,NA,NA,2015,7,7,394,7271.19180232044,"DW"
408,414,1,1,1539,1537,NA,NA,NA,NA,2015,7,7,2,11669.4486105881,"DD"
405,415,2,1,131,59,NA,NA,NA,NA,2011,7,7,72,17505.3148252698,"DW"
416,407,1,1,887,860,NA,NA,NA,NA,2013,7,7,27,3784.41323715159,"DD"
415,398,1,1,59,51,NA,NA,NA,NA,2011,7,7,8,57682.8879357008,"DD"
402,397,1,2,530,277,NA,NA,NA,NA,2011,28,7,253,100.140412435176,"WD"
385,391,1,1,531,521,NA,NA,NA,NA,2012,28,7,10,7404.02017465965,"DD"
417,420,1,1,1505,1167,NA,NA,NA,NA,2014,7,7,338,2520.9225230061,"DD"
419,422,2,1,437,355,NA,NA,NA,NA,2011,7,7,82,3645.33174445495,"DW"
418,433,2,2,59,2,NA,NA,NA,NA,2011,7,7,57,19349.5774645949,"WW"
420,94,1,1,1167,1161,NA,NA,NA,NA,2014,7,7,6,22771.9269069023,"DD"
421,432,2,2,1858,1564,NA,NA,NA,NA,2015,7,7,294,7865.69851863486,"WW"
428,452,2,1,470,466,NA,NA,NA,NA,2012,28,7,4,15002.7591412247,"DW"
425,418,2,2,87,59,NA,NA,NA,NA,2011,7,7,28,10467.8889824983,"WW"
431,425,2,2,134,87,NA,NA,NA,NA,2011,7,7,47,7014.53695816081,"WW"
430,431,1,2,259,134,NA,NA,NA,NA,2011,7,7,125,257.495920785289,"WD"
427,428,1,2,623,470,NA,NA,NA,NA,2012,28,28,153,2364.70027001487,"WD"
429,426,2,2,192,181,NA,NA,NA,NA,2011,7,7,11,8326.2719249368,"WW"
424,421,2,2,1900,1858,NA,NA,NA,NA,2016,28,7,42,9132.81574242777,"WW"
422,430,1,1,355,259,NA,NA,NA,NA,2011,7,7,96,12932.6999765921,"DD"
432,417,2,1,1564,1505,NA,NA,NA,NA,2015,7,7,59,12436.4092979603,"DW"
423,422,1,1,744,355,NA,NA,NA,NA,2011,7,7,389,114.460711154666,"DD"
434,436,2,2,551,533,NA,NA,NA,NA,2012,7,7,18,4193.05124723434,"WW"
437,441,1,1,1890,1748,NA,NA,NA,NA,2015,7,14,142,7323.39483985204,"DD"
440,437,2,1,2237,1890,NA,NA,NA,NA,2016,14,7,347,12374.9152990162,"DW"
435,437,1,1,1892,1890,NA,NA,NA,NA,2016,7,7,2,5138.72766520854,"DD"
438,453,2,1,61,51,NA,NA,NA,NA,2011,7,7,10,12230.8988232375,"DW"
436,443,2,1,533,530,NA,NA,NA,NA,2012,7,7,3,22349.5304474968,"DW"
439,449,2,1,1196,1130,NA,NA,NA,NA,2014,7,7,66,16031.4725495249,"DW"
441,451,1,2,1748,1312,NA,NA,NA,NA,2014,14,7,436,6319.67919215773,"WD"
443,447,1,2,530,466,NA,NA,NA,NA,2012,7,7,64,5552.23223382477,"WD"
442,433,1,2,14,2,NA,NA,NA,NA,2011,7,7,12,24325.213329621,"WD"
445,433,1,2,43,2,NA,NA,NA,NA,2011,7,7,41,8184.20878139093,"WD"
444,445,1,1,160,43,NA,NA,NA,NA,2011,7,7,117,6710.73926033081,"DD"
449,443,1,1,1130,530,NA,NA,NA,NA,2012,7,7,600,6087.43776968807,"DD"
447,448,2,2,466,398,NA,NA,NA,NA,2012,7,7,68,490.04722459111,"WW"
452,447,1,2,466,466,NA,NA,NA,NA,2012,7,7,0,11297.60270631,"WD"
453,445,1,1,51,43,NA,NA,NA,NA,2011,7,7,8,11931.3218430534,"DD"
451,446,2,1,1312,1279,NA,NA,NA,NA,2014,7,7,33,11518.9544175415,"DW"
446,449,1,1,1279,1130,NA,NA,NA,NA,2014,7,7,149,70.5732278763428,"DD"
448,450,2,1,398,252,NA,NA,NA,NA,2011,7,7,146,2370.17223923582,"DW"
450,444,1,1,252,160,NA,NA,NA,NA,2011,7,7,92,7956.6793739879,"DD"
426,444,2,1,181,160,NA,NA,NA,NA,2011,7,7,21,6302.5971349296,"DW"
459,455,4,1,1600,1266,NA,NA,NA,NA,2014,7,7,334,6965.47705662548,"Dc"
454,456,1,1,304,273,NA,NA,NA,NA,2011,7,7,31,1858.96394553533,"DD"
455,454,1,1,1266,304,NA,NA,NA,NA,2011,7,7,962,1274.10335930069,"DD"
457,454,1,1,546,304,NA,NA,NA,NA,2011,7,7,242,6830.08464649957,"DD"
458,459,1,4,1661,1600,NA,NA,NA,NA,2015,7,7,61,1110.21694869182,"CD"
456,462,1,1,273,220,NA,NA,NA,NA,2011,7,7,53,15986.3550397175,"DD"
460,16,1,2,214,209,NA,NA,NA,NA,2011,7,7,5,24304.3663135745,"WD"
462,460,1,1,220,214,NA,NA,NA,NA,2011,7,7,6,19932.7154230439,"DD"
461,492,1,1,593,556,NA,NA,NA,NA,2012,7,7,37,10831.5545301019,"DD"
463,464,1,1,195,73,NA,NA,NA,NA,2011,28,28,122,5665.27799675513,"DD"
466,465,1,1,500,225,NA,NA,NA,NA,2011,7,7,275,4505.03514337793,"DD"
464,438,1,2,73,61,NA,NA,NA,NA,2011,28,7,12,64362.5534238865,"WD"
470,469,1,1,878,221,NA,NA,NA,NA,2011,7,7,657,667.397198698295,"DD"
469,462,1,1,221,220,NA,NA,NA,NA,2011,7,7,1,21263.8508606819,"DD"
465,469,1,1,225,221,NA,NA,NA,NA,2011,7,7,4,10742.5418231063,"DD"
471,467,1,1,1525,926,NA,NA,NA,NA,2013,7,7,599,1256.74544814921,"DD"
467,470,1,1,926,878,NA,NA,NA,NA,2013,7,7,48,537.101489187549,"DD"
472,462,1,1,448,220,NA,NA,NA,NA,2011,7,7,228,26611.1567948527,"DD"
468,472,1,1,453,448,NA,NA,NA,NA,2012,7,7,5,4358.29623663939,"DD"
473,472,1,1,454,448,NA,NA,NA,NA,2012,7,7,6,157.487036332577,"DD"
479,481,2,2,531,165,NA,NA,NA,NA,2011,7,28,366,4873.39534473226,"WW"
476,475,1,1,524,498,NA,NA,NA,NA,2012,7,7,26,1742.58014782131,"DD"
477,154,1,2,1257,1200,NA,NA,NA,NA,2014,7,7,57,11721.6555107874,"WD"
474,476,2,1,2237,524,NA,NA,NA,NA,2012,28,7,1713,1276.51309549628,"DW"
475,473,1,1,498,454,NA,NA,NA,NA,2012,7,7,44,12434.9732806074,"DD"
478,477,1,1,1452,1257,NA,NA,NA,NA,2014,7,7,195,468.395709429913,"DD"
487,488,1,1,2005,2005,NA,NA,NA,NA,2016,28,28,0,0,"DD"
488,487,1,1,2005,2005,NA,NA,NA,NA,2016,28,28,0,0,"DD"
480,489,1,1,1899,1885,NA,NA,NA,NA,2016,28,28,14,19224.9106844679,"DD"
485,286,2,2,73,73,NA,NA,NA,NA,2011,28,7,0,23399.2954084334,"WW"
484,486,2,2,114,104,NA,NA,NA,NA,2011,7,28,10,537.221380351445,"WW"
486,485,2,2,104,73,NA,NA,NA,NA,2011,28,28,31,565.437687489944,"WW"
481,484,2,2,165,114,NA,NA,NA,NA,2011,28,7,51,22004.5472652576,"WW"
482,489,1,1,1992,1885,NA,NA,NA,NA,2016,28,28,107,4228.36224069604,"DD"
489,490,1,1,1885,1587,NA,NA,NA,NA,2015,28,7,298,1972.884697065,"DD"
491,476,1,1,545,524,NA,NA,NA,NA,2012,7,7,21,15349.6191118237,"DD"
490,484,1,2,1587,114,NA,NA,NA,NA,2011,7,7,1473,5905.49656096347,"WD"
492,491,1,1,556,545,NA,NA,NA,NA,2012,7,7,11,601.937818991775,"DD"
530,532,1,1,538,404,NA,NA,NA,NA,2012,7,7,134,4590.02181441323,"DD"
533,531,1,1,639,610,NA,NA,NA,NA,2012,7,7,29,8002.57485219866,"DD"
535,534,1,2,1320,411,NA,NA,NA,NA,2012,7,7,909,8318.23936712349,"WD"
531,530,1,1,610,538,NA,NA,NA,NA,2012,7,7,72,4692.79167276983,"DD"
532,463,1,1,404,195,NA,NA,NA,NA,2011,7,28,209,5881.61770471236,"DD"
534,532,2,1,411,404,NA,NA,NA,NA,2012,7,7,7,10894.4923127842,"DW"
537,538,2,1,350,220,NA,NA,NA,NA,2011,7,7,130,23535.639714086,"DW"
546,553,1,2,1291,922,NA,NA,NA,NA,2013,7,7,369,5687.4223258736,"WD"
542,551,1,1,887,773,NA,NA,NA,NA,2013,7,7,114,2193.68889935603,"DD"
543,548,1,1,2334,2068,NA,NA,NA,NA,2016,7,28,266,9744.98107541981,"DD"
539,559,1,1,199,195,NA,NA,NA,NA,2011,7,28,4,29882.2774602882,"DD"
544,546,1,1,1508,1291,NA,NA,NA,NA,2014,7,7,217,2463.15514004308,"DD"
540,539,1,1,222,199,NA,NA,NA,NA,2011,7,7,23,5338.56025758423,"DD"
536,535,1,1,1699,1320,NA,NA,NA,NA,2014,7,7,379,19161.9914701686,"DD"
545,547,1,1,245,245,NA,NA,NA,NA,2011,7,7,0,6961.67108165371,"DD"
538,559,1,1,220,195,NA,NA,NA,NA,2011,7,28,25,28175.5322163571,"DD"
541,566,1,1,1955,1656,NA,NA,NA,NA,2015,7,28,299,3605.75914965186,"DD"
549,550,1,1,753,724,NA,NA,NA,NA,2012,7,7,29,637.965671039262,"DD"
566,544,1,1,1656,1508,NA,NA,NA,NA,2015,28,7,148,6686.36956162447,"DD"
550,547,1,1,724,245,NA,NA,NA,NA,2011,7,7,479,2707.8262580295,"DD"
551,549,1,1,773,753,NA,NA,NA,NA,2013,7,7,20,217.664151138626,"DD"
548,541,1,1,2068,1955,NA,NA,NA,NA,2016,28,7,113,2835.16219417249,"DD"
563,564,1,1,1643,1642,NA,NA,NA,NA,2015,28,28,1,0,"DD"
564,562,1,1,1642,1626,NA,NA,NA,NA,2015,28,28,16,3.67506075800119,"DD"
565,564,1,1,1657,1642,NA,NA,NA,NA,2015,28,28,15,0,"DD"
560,559,1,1,451,195,NA,NA,NA,NA,2011,14,28,256,9407.26396310359,"DD"
553,542,2,1,922,887,NA,NA,NA,NA,2013,7,7,35,4877.65465144298,"DW"
554,551,1,1,782,773,NA,NA,NA,NA,2013,7,7,9,2814.28071663126,"DD"
562,555,1,1,1626,533,NA,NA,NA,NA,2012,28,7,1093,2794.11376672442,"DD"
552,554,1,1,804,782,NA,NA,NA,NA,2013,7,7,22,347.848636079759,"DD"
547,545,1,1,245,245,NA,NA,NA,NA,2011,7,7,0,6961.6710816538,"DD"
557,565,1,1,2177,1657,NA,NA,NA,NA,2015,7,28,520,3856.31557520354,"DD"
558,553,1,2,926,922,NA,NA,NA,NA,2013,7,7,4,6970.77864515483,"WD"
559,463,1,1,195,195,NA,NA,NA,NA,2011,28,28,0,81147.5003783416,"DD"
561,560,1,1,497,451,NA,NA,NA,NA,2012,7,14,46,19.3926201230849,"DD"
555,561,1,1,533,497,NA,NA,NA,NA,2012,7,7,36,8702.50016663793,"DD"
800,833,2,1,2738,2615,NA,NA,NA,NA,2018,7,7,123,5767.95945293204,"DW"
802,833,2,1,2615,2615,NA,NA,NA,NA,2018,7,7,0,12170.5236541151,"DW"
803,802,1,2,2903,2615,NA,NA,NA,NA,2018,7,7,288,429.66728352755,"WD"
804,802,1,2,2675,2615,NA,NA,NA,NA,2018,7,7,60,4556.1699920321,"WD"
809,813,2,1,2466,2357,NA,NA,NA,NA,2017,7,28,109,10085.2619508208,"DW"
822,821,1,1,2540,2235,NA,NA,NA,NA,2017,7,7,305,50.8361024730562,"DD"
813,818,1,1,2357,2312,NA,NA,NA,NA,2017,28,28,45,1806.86451329229,"DD"
818,817,1,1,2312,2260,NA,NA,NA,NA,2017,28,7,52,186.372326880771,"DD"
817,815,1,1,2260,2237,NA,NA,NA,NA,2017,7,28,23,1994.13972901439,"DD"
814,813,1,1,2701,2357,NA,NA,NA,NA,2017,7,28,344,190.085375676757,"DD"
823,821,1,1,2239,2235,NA,NA,NA,NA,2017,7,7,4,12278.0046956658,"DD"
821,159,1,1,2235,1580,NA,NA,NA,NA,2015,7,7,655,3533.83351566067,"DD"
815,821,1,1,2237,2235,NA,NA,NA,NA,2017,28,7,2,5271.80185353907,"DD"
824,823,1,1,2246,2239,NA,NA,NA,NA,2017,7,7,7,159.675007678414,"DD"
827,803,1,1,2950,2903,NA,NA,NA,NA,2018,7,7,47,11601.3164753005,"DD"
833,802,1,2,2615,2615,NA,NA,NA,NA,2018,7,7,0,12170.5236541148,"WD"
828,827,1,1,2957,2950,NA,NA,NA,NA,2019,0,7,7,98.7200296133489,"DD"
829,828,1,1,2959,2957,NA,NA,NA,NA,2019,0,0,2,0,"DD"
830,828,1,1,2958,2957,NA,NA,NA,NA,2019,0,0,1,0,"DD"
831,828,1,1,2958,2957,NA,NA,NA,NA,2019,0,0,1,0,"DD"
832,828,1,1,2959,2957,NA,NA,NA,NA,2019,0,0,2,0,"DD"
841,804,2,1,2820,2675,NA,NA,NA,NA,2018,7,7,145,15974.9464943094,"DW"
847,848,2,2,2738,2465,NA,NA,NA,NA,2017,7,28,273,766.997464890317,"WW"
845,817,2,1,2265,2260,NA,NA,NA,NA,2017,28,7,5,12210.8200300983,"DW"
844,846,2,2,2805,2767,NA,NA,NA,NA,2018,7,7,38,10304.0481769113,"WW"
849,847,2,2,2757,2738,NA,NA,NA,NA,2018,7,7,19,13631.0843559483,"WW"
848,845,2,2,2465,2265,NA,NA,NA,NA,2017,28,28,200,9843.70496719953,"WW"
842,843,2,1,2677,2343,NA,NA,NA,NA,2017,28,28,334,1039.97264884908,"DW"
846,847,2,2,2767,2738,NA,NA,NA,NA,2018,7,7,29,435.392842592838,"WW"
843,90,1,1,2343,384,NA,NA,NA,NA,2012,28,7,1959,470.199149191449,"DD"
904,842,2,2,2743,2677,NA,NA,NA,NA,2018,7,28,66,519.238108091425,"WW"
855,856,1,1,2708,2618,NA,NA,NA,NA,2018,28,7,90,242.928941529314,"DD"
856,854,1,1,2618,2573,NA,NA,NA,NA,2018,7,7,45,22076.2244042953,"DD"
854,315,1,1,2573,283,NA,NA,NA,NA,2011,7,7,2290,1298.4839649763,"DD"
857,848,1,2,2675,2465,NA,NA,NA,NA,2017,7,28,210,28203.4119678147,"WD"
861,285,2,2,1339,1261,NA,NA,NA,NA,2014,7,14,78,369.056787711077,"WW"
873,128,2,2,2257,1859,NA,NA,NA,NA,2016,7,7,398,11417.7076639246,"WW"
864,855,1,1,2769,2708,NA,NA,NA,NA,2018,7,28,61,21468.8751515748,"DD"
863,253,2,2,2801,1988,NA,NA,NA,NA,2016,7,7,813,9628.5365945967,"WW"
879,864,1,1,2804,2769,NA,NA,NA,NA,2018,0,7,35,4346.23926070848,"DD"
891,896,1,1,2957,2923,NA,NA,NA,NA,2019,7,14,34,14377.9551226683,"DD"
896,895,1,1,2923,2885,NA,NA,NA,NA,2018,14,7,38,4752.63298497969,"DD"
892,900,1,1,2875,2618,NA,NA,NA,NA,2018,7,28,257,3810.2490360821,"DD"
894,893,1,1,2912,2343,NA,NA,NA,NA,2017,7,28,569,8997.45018481468,"DD"
893,543,1,1,2343,2334,NA,NA,NA,NA,2017,28,7,9,33598.7249139024,"DD"
890,897,1,1,2907,2883,NA,NA,NA,NA,2018,7,7,24,19125.7223299034,"DD"
897,903,1,1,2883,2816,NA,NA,NA,NA,2018,7,7,67,10642.8775336661,"DD"
895,897,1,1,2885,2883,NA,NA,NA,NA,2018,7,7,2,4779.38320630006,"DD"
898,897,1,1,2958,2883,NA,NA,NA,NA,2018,7,7,75,8867.26651771426,"DD"
899,892,1,1,2922,2875,NA,NA,NA,NA,2018,7,7,47,1883.47836533703,"DD"
903,902,1,1,2816,2791,NA,NA,NA,NA,2018,7,7,25,105.480071484329,"DD"
905,432,1,2,2545,1564,NA,NA,NA,NA,2015,7,7,981,2281.25478791854,"WD"
900,541,1,1,2618,1955,NA,NA,NA,NA,2016,28,7,663,6213.51488796726,"DD"
901,440,1,2,2830,2237,NA,NA,NA,NA,2017,28,14,593,28725.8328448314,"WD"
902,900,1,1,2791,2618,NA,NA,NA,NA,2018,7,28,173,9985.17298700602,"DD"
909,910,2,1,3105,3033,NA,NA,NA,NA,2019,7,7,72,5387.83837251865,"DW"
908,488,1,1,3101,2005,NA,NA,NA,NA,2016,7,28,1096,17537.839539116,"DD"
910,832,1,1,3033,2959,NA,NA,NA,NA,2019,7,0,74,195.349099398615,"DD"
907,906,1,1,2936,2936,NA,NA,NA,NA,2019,14,28,0,7401.96160573258,"DD"
911,927,1,1,3111,3033,NA,NA,NA,NA,2019,7,7,78,15702.6169435216,"DD"
918,903,1,1,3088,2816,NA,NA,NA,NA,2018,7,7,272,916.623271948489,"DD"
919,921,1,1,3023,3012,NA,NA,NA,NA,2019,7,7,11,5035.19150319041,"DD"
922,898,1,1,3006,2958,NA,NA,NA,NA,2019,7,7,48,2909.00953971847,"DD"
925,898,1,1,3005,2958,NA,NA,NA,NA,2019,7,7,47,5024.76167143129,"DD"
921,922,1,1,3012,3006,NA,NA,NA,NA,2019,7,7,6,9170.78460326162,"DD"
928,891,1,1,2993,2957,NA,NA,NA,NA,2019,7,7,36,24434.4230748768,"DD"
926,922,1,1,3074,3006,NA,NA,NA,NA,2019,7,7,68,8083.3650390157,"DD"
924,890,1,1,2995,2907,NA,NA,NA,NA,2018,7,7,88,3583.8441214802,"DD"
912,927,1,1,3122,3033,NA,NA,NA,NA,2019,0,7,89,672.473840335641,"DD"
920,894,1,1,3022,2912,NA,NA,NA,NA,2018,7,7,110,14300.2670821751,"DD"
914,920,1,1,3076,3022,NA,NA,NA,NA,2019,7,7,54,1066.09802362917,"DD"
915,914,1,1,3118,3076,NA,NA,NA,NA,2019,7,7,42,0,"DD"
927,928,1,1,3033,2993,NA,NA,NA,NA,2019,7,7,40,1698.92803599314,"DD"
906,907,1,1,2936,2936,NA,NA,NA,NA,2019,28,14,0,7401.9616057324,"DD"
