"","District","est_dogs","Pop2014","Gr","pred.dogs.per1000pop","pred.dogs.per1000pop.lwr","pred.dogs.per1000pop.upr","HumanDogRatio","HumanDogRatio.upr","HumanDogRatio.lwr","Dog_Hum_Ratio","Dog_Hum_Ratio.lwr","Dog_Hum_Ratio.upr","Numdogs","Numdogs.lwr","Numdogs.upr","MvCI","Ppop.lvst","Ppop.peas"
"mjini","mjini",NA,227515.9633,1,5.36046515910049,1.51312743859221,18.9901960595364,186.550974648589,52.6587506977225,660.882867163113,0.00536046515910049,0.00151312743859221,0.0189901960595364,1219.59139440884,344.260646786969,4320.57274974129,0,-5.29831736654804,-3.17008566069877
"kinondoni","kinondoni",8783.43974960876,1956991.5225,5,5.42437703345214,1.46889760930509,20.0312574645438,184.352966955099,49.921978276703,680.782645206349,0.00542437703345214,0.00146889760930509,0.0200312574645438,10615.4598693095,2874.62016883058,39201.001043127,0,-4.8283137373023,-3.54045944899566
"temeke","temeke",5930.263921276,1538074.6916,6,6.75049260198077,1.94244365421708,23.4597025609807,148.13733737099,42.6262863904868,514.815447968842,0.00675049260198077,0.00194244365421708,0.0234597025609807,10382.7618269397,2987.62342441031,36082.7747815081,0,-4.8283137373023,-3.07911388249304
"ilala","ilala",NA,1397477.5339,7,7.42651844618628,2.10690356863457,26.1773614381831,134.652597613021,38.2009471184277,474.630170496162,0.00742651844618628,0.00210690356863457,0.0261773614381831,10378.3926836393,2944.35040326055,36582.2745066411,0,-4.42284862919414,-3.2188758248682
"mtwara rural","mtwara rural",2685.23747599232,232585.8603,1,11.6216853080942,3.66541538894844,36.8480936178753,86.0460400957102,27.1384460311644,272.820374742544,0.0116216853080942,0.00366541538894844,0.0368480936178752,2703.03967551896,852.523791595432,8570.34555452845,0,-6.90775527898214,-0.183922838160928
"lindi rural","lindi rural",2841.48704287126,190279.5543,-1,11.8832982975792,3.74134925907998,37.7438107619961,84.1517207561568,26.4944100717803,267.283252846035,0.0118832982975792,0.00374134925907998,0.0377438107619961,2261.14870367732,711.902269498374,7181.87548937616,0,-6.90775527898214,-0.136965855073157
"mtwara urban","mtwara urban",1182.23895094706,112674.2796,2,11.9931019495996,3.91162049566646,36.7710759601649,83.3812640134679,27.1952879780653,255.648522423855,0.0119931019495996,0.00391162049566646,0.0367710759601649,1351.31412234049,440.739021417813,4143.15449392846,0,-5.52146091786225,-1.2837377727948
"magharibi","magharibi",NA,424351.4605,7,12.9424496753682,4.03132079997169,41.5513951657273,77.2651256201657,24.0665805807846,248.057658920873,0.0129424496753682,0.00403132079997169,0.0415513951657273,5492.14742219026,1710.69686921201,17632.395224389,0,-4.19970507787993,-2.23492644452023
"tunduma","tunduma",NA,109620.6632,6,13.4555838030475,3.95978510330071,45.7228689834497,74.3185888206139,21.8708935426158,252.538957017249,0.0134555838030475,0.00395978510330071,0.0457228689834497,1475.01002023325,434.074269153304,5012.17122137247,1,-6.21460809842219,-2.03255795578099
"mkoani","mkoani",1390.16952136548,99834.1267,1,13.6809591933969,4.46147907122899,41.9521511730036,73.0942900906138,23.8366799327207,224.14091471341,0.0136809591933969,0.00446147907122899,0.0419521511730036,1365.82661349111,445.407866866473,4188.2563755432,0,-5.11599580975408,-1.34707364796661
"lindi urban","lindi urban",1912.41216319657,90265.0609,7,14.9038347940754,4.84712283345399,45.8260083767693,67.0968253350153,21.8216692970128,206.307955123022,0.0149038347940754,0.00484712283345399,0.0458260083767693,1345.29555533075,437.525837751505,4136.48743693299,0,-5.80914299031403,-0.583396316600826
"kusini","kusini",NA,40827.3768,2,15.8982402336472,5.18700756231011,48.7282965159572,62.9000433572257,20.5219568813067,192.789385399437,0.0158982402336472,0.00518700756231011,0.0487282965159572,649.083444476035,211.771912210885,1989.44852267911,0,-5.52146091786225,-0.689155159290408
"mafia","mafia",NA,47371.4038,1,16.2191675031998,5.30213470834919,49.6142419924967,61.6554456202955,20.1555029330335,188.60328056647,0.0162191675031998,0.00530213470834919,0.0496142419924967,768.324733093916,251.169564271205,2350.29629165748,0,-5.29831736654804,-0.834710744881732
"kaskazini a","kaskazini a",NA,110053.512,2,16.8005590888251,5.49155556029117,51.3986943404681,59.5218286911148,19.4557471319395,182.097766110369,0.0168005590888251,0.00549155556029117,0.0513986943404681,1848.96053128872,604.364975753172,5656.60682438304,0,-5.11599580975408,-0.913793851675568
"tanga urban","tanga urban",NA,278825.9732,1,17.1671367101882,5.53334844202862,53.2608032756105,58.2508322081764,18.7755335725086,180.722398106088,0.0171671367101882,0.00553334844202862,0.0532608032756105,4786.64360027568,1542.84126440333,14850.4953067358,0,-4.3428059215206,-1.51868354916564
"moshi urban","moshi urban",NA,195515.3828,3,17.1755447340179,4.96154813622088,59.4571147575208,58.2223164089464,16.8188450461853,201.549994587311,0.0171755447340179,0.00496154813622088,0.0594571147575208,3358.08320347002,970.058983133852,11624.7805520002,1,-5.11599580975408,-2.44184716032755
"chakechake","chakechake",1655.94366197183,101177.8596,2,17.5248882324747,5.71211019639772,53.7667686723574,57.0617048585188,18.5988487813686,175.066650610249,0.0175248882324747,0.00571211019639772,0.0537667686723574,1773.13068109102,577.939083470857,5440.00657187745,0,-5.29831736654804,-0.671385688778433
"kilwa","kilwa",5056.26437524228,194577.9544,1,18.8129039594868,6.06955088813685,58.311621718278,53.15500478573,17.1492400748399,164.756835955447,0.0188129039594868,0.00606955088813685,0.058311621718278,3660.57636876061,1181.00079594037,11346.1560716892,0,-5.52146091786225,-0.334075112021491
"mkuranga","mkuranga",3965.22706694714,231927.0084,2,20.1368081302368,6.49954868517365,62.3875689398176,49.660303337669,16.0288342211996,153.856836595614,0.0201368081302368,0.00649954868517365,0.0623875689398176,4670.26966837063,1507.42088250248,14469.3622255607,0,-5.29831736654804,-0.378336440719912
"wete","wete",1618.98929111861,110085.1116,1,20.3569469403841,6.61355393240719,62.6599998985382,49.1232797790617,15.9591446156917,151.204633729512,0.0203569469403841,0.00661355393240719,0.0626599998985382,2240.99677576746,728.053822721664,6897.93308168657,0,-4.8283137373023,-0.750776293396582
"nyamagana ","nyamagana ",NA,408374.6672,6,20.3950865021556,6.1409358014886,67.7355319900229,49.0314174394068,14.7633003037061,162.841630710029,0.0203950865021556,0.0061409358014886,0.0677355319900229,8328.83666283299,2507.80261422947,27661.4753340406,1,-5.11599580975408,-2.07944154167984
"kigoma-ujiji","kigoma-ujiji",NA,233039.3728,4,21.075648262428,6.64630554833207,66.8315572390524,47.4481253220912,14.9629911573519,150.459528640081,0.021075648262428,0.00664630554833207,0.0668315572390524,4911.45585242964,1548.85087642047,15574.3841822361,1,-5.80914299031403,-1.42711635564015
"ukerewe","ukerewe",NA,366166.4523,3,23.3104918550908,7.47846257486476,72.6591896511672,42.899137702305,13.7628840178503,133.71732357945,0.0233104918550908,0.00747846257486476,0.0726591896511672,8535.52010394665,2738.36210969655,26605.3577015608,1,-6.90775527898214,-0.29035230100766
"liwale","liwale",2431.92380399717,95071.752,2,23.5163188866469,7.54617080184511,73.2844867284541,42.5236621777493,13.645452736885,132.517541182011,0.0235163188866469,0.00754617080184511,0.0732844867284541,2235.73763714421,717.42767902266,6967.28454769488,1,-6.90775527898214,-0.271808723295491
"kasulu urban","kasulu urban",NA,212429.7044,1,23.5309444184022,7.55097597089128,73.3289772549197,42.4972318245739,13.6371736990633,132.433211793411,0.0235309444184022,0.00755097597089128,0.0733289772549197,4998.671567054,1604.05159342794,15577.2529622169,1,-6.90775527898214,-0.27049724769768
"masasi urban","masasi urban",4590.19953051643,106844.9184,2,24.2356299914506,7.78155194635593,75.4818274210146,41.2615640836554,13.2482219120412,128.509069513864,0.0242356299914506,0.00778155194635593,0.0754818274210146,2589.45390880913,831.41928273376,8064.84969148119,1,-6.90775527898214,-0.208254938820459
"newala","newala",3699.9028102786,209622.3892,1,24.2356299914506,7.78155194635593,75.4818274210146,41.2615640836554,13.2482219120412,128.509069513864,0.0242356299914506,0.00778155194635593,0.0754818274210146,5080.33066257505,1631.18751067904,15822.6810051752,1,-6.90775527898214,-0.208254938820459
"masasi","masasi",5122.88850318894,252977.6593,1,24.3766710062684,7.8274780139161,75.9148844993759,41.022828742401,13.1726473219915,127.755069796702,0.0243766710062684,0.0078274780139161,0.0759148844993759,6166.75317269195,1980.17706618271,19204.769786682,1,-6.90775527898214,-0.196014883925957
"musoma municipal","musoma municipal",NA,139753.8108,2,24.5519681205979,7.82862306209085,76.999382115335,40.7299323251013,12.9871172018255,127.736383789172,0.0245519681205979,0.00782862306209085,0.076999382115335,3431.23110749368,1094.07990624396,10760.9570798634,1,-5.52146091786225,-1.34707364796661
"ruangwa","ruangwa",2135.18447027547,133714.708,1,24.5865510430827,7.89568151869964,76.5606478379928,40.6726424640736,13.0615404681014,126.651511668963,0.0245865510430827,0.00789568151869964,0.0765606478379928,3287.5834934529,1055.76874873392,10237.284669948,1,-6.90775527898214,-0.177931208492662
"kibondo","kibondo",NA,271888.7724,2,24.6560708515081,7.91823653375589,76.7749014875954,40.5579626219655,13.0250899789376,126.29074614492,0.0246560708515081,0.00791823653375589,0.0767749014875954,6703.70883602396,2152.87961073572,20874.2337165932,1,-6.90775527898214,-0.17197526473981
"kigoma rural","kigoma rural",NA,211566,0,24.7392086465573,7.94518595092919,77.0313556206094,40.4216648271471,12.9817266221452,125.862378322694,0.0247392086465573,0.00794518595092919,0.0770313556206094,5233.97541651755,1680.93121089428,16297.2157832299,1,-6.90775527898214,-0.164874643190234
"kakonko","kakonko",NA,160919.822,-2,24.8220376436224,7.97200946347674,77.2871075485026,40.286781220676,12.9387685956864,125.438887721024,0.0248220376436224,0.00797200946347674,0.0772871075485026,3994.35787928902,1282.85434384499,12437.0275895999,1,-6.90775527898214,-0.157824085193567
"nachingwea","nachingwea",4562.39000056113,182051.1264,1,24.8633373778553,7.98537442831868,77.414722517303,40.2198620725251,12.917439570703,125.228943110505,0.0248633373778553,0.00798537442831868,0.077414722517303,4526.39857570179,1453.74640940117,14093.4374342185,1,-6.90775527898214,-0.154317360384357
"arusha urban","arusha urban",NA,441803.3178,3,24.9663706384132,7.134264569191,87.3698552681094,40.053879455807,11.4455952448511,140.168617283757,0.0249663706384132,0.007134264569191,0.0873698552681094,11030.2253814754,3151.94175673157,38600.2919331566,1,-4.01738352108597,-2.57702193869581
"makete","makete",NA,95330.4066,-1,25.2181289467049,8.09992418913082,78.5135777475564,39.6540124809959,12.7366505092315,123.457945611625,0.0252181289467049,0.00809992418913082,0.0785135777475564,2404.05448618061,772.169066379016,7484.73129029527,1,-6.90775527898214,-0.124430078378177
"nanyumbu","nanyumbu",2409.06172510415,153889.2257,1,25.2316643117118,8.1042849166959,78.5555900962162,39.6327403395197,12.7298388157378,123.391515757284,0.0252316643117118,0.0081042849166959,0.0785555900962162,3882.88128405165,1247.16213068252,12088.8589343133,1,-6.90775527898214,-0.123298216344494
"buhigwe","buhigwe",NA,269831.4278,3,25.2587109046822,8.11299653279971,78.6395598700129,39.590302283187,12.7162461444717,123.259019766265,0.0252587109046822,0.00811299653279971,0.0786395598700129,6815.59402779782,2189.1414381818,21219.4247212892,1,-6.90775527898214,-0.121038328377056
"bukoba urban","bukoba urban",NA,141997.59,5,25.4685468557145,7.79045458053552,83.2617496496765,39.2641168601115,12.010316912718,128.362214253646,0.0254685468557145,0.00779045458053552,0.0832617496496765,3616.47227431353,1106.22577544051,11822.9677894374,1,-4.71053070164592,-1.95192822138088
"njombe","njombe",NA,85747,0,25.7798379658221,8.28031289318354,80.2626729348782,38.7900033090107,12.4590916728049,120.768383139629,0.0257798379658222,0.00828031289318354,0.0802626729348782,2210.54376605535,710.011989651809,6882.283416147,1,-6.90775527898214,-0.0779615414697118
"micheweni","micheweni",1761.44704035021,108010.1664,2,26.2337803310948,8.39230846371715,82.0049970083334,38.118791397163,12.1943788364309,119.156725985865,0.0262337803310948,0.00839230846371715,0.0820049970083334,2833.5149788626,906.454633646218,8857.3733725016,0,-4.42284862919414,-0.556869562267398
"kaskazini b","kaskazini b",NA,88339.68,4,27.2743810327267,8.69370366724992,85.5667376288289,36.6644434130364,11.6867842307813,115.025774776187,0.0272743810327267,0.00869370366724992,0.085566737628829,2409.41009262915,767.998999979684,7558.93822077471,0,-4.42284862919414,-0.474815186242958
"ilemela","ilemela",NA,363889.7609,3,27.2933903199725,8.59738903421696,86.6459749807301,36.6389073792797,11.541217006588,116.314382892303,0.0272933903199725,0.00859738903421696,0.0866459749807302,9931.78527768515,3128.50184002549,31529.5831186853,1,-4.96184512992682,-1.59454929994035
"morogoro urban","morogoro urban",17810.4906331191,335102.2394,3,30.2395460565418,9.66752879660042,94.5877860769619,33.0692794835678,10.5721895127807,103.439050561882,0.0302395460565418,0.00966752879660042,0.0945877860769619,10133.3396019866,3239.61054920479,31696.5789342781,1,-4.96184512992682,-1.37832619147071
"rufiji","rufiji",3187.92455659885,221641.2074,1,31.1768440471159,9.79830659331216,99.2003664594063,32.075087474818,10.0806079220404,102.058451680064,0.0311768440471159,0.00979830659331216,0.0992003664594063,6910.07335752426,2171.70850381709,21986.8889965853,0,-4.3428059215206,-0.260066905418808
"kati","kati",NA,79430.3784,2,31.3469203663258,9.87174794389751,99.5395569292478,31.9010604012713,10.0462572955875,101.299182848178,0.0313469203663258,0.00987174794389751,0.0995395569292478,2489.89774637193,784.116674653201,7906.4646726585,0,-3.81671282562382,-0.691149177897272
"iringa urban","iringa urban",NA,163694.752,4,31.5387203766985,9.93741292211099,100.095557143083,31.7070568512609,9.99045340814211,100.629812591864,0.0315387203766985,0.00993741292211099,0.100095557143083,5162.723010461,1626.70234380655,16385.1174028389,1,-4.60517018598809,-1.58963528513792
"mbinga","mbinga",NA,367971.7932,2,32.0270327112287,10.4785321748024,97.8887889233832,31.2236231503707,10.2156744505511,95.4332136713469,0.0320270327112287,0.0104785321748024,0.0978887889233832,11785.0446576259,3855.80427446593,36020.3131943136,1,-6.21460809842219,-0.20334092401803
"mufindi","mufindi",NA,271172.1629,1,32.7800850053863,10.7231695447077,100.206750297133,30.5063272360545,9.97936762777753,93.2560094131437,0.0327800850053863,0.0107231695447077,0.100206750297133,8889.04655095647,2907.8250785818,27173.2812152539,1,-6.21460809842219,-0.154317360384357
"tandahimba","tandahimba",1293.19455192695,232087.0314,1,32.8706127118784,10.7524589765613,100.486519633284,30.4223109184281,9.95158359200227,93.0019823539757,0.0328706127118784,0.0107524589765613,0.100486519633284,7628.84292459897,2495.50628412039,23321.6180374066,1,-6.21460809842219,-0.148500008318444
"mafinga ","mafinga ",NA,56137.2032,4,33.2285978175988,10.8038637813128,102.198596286778,30.0945590749656,9.7848702069636,92.5594787421958,0.0332285978175988,0.0108038637813128,0.102198596286778,1865.36054773762,606.498696436676,5737.14336650565,1,-5.11599580975408,-1.04982212449868
"geita","geita",NA,856802.9971,3,33.5522838806088,11.0336710823482,102.029120245025,29.804230423132,9.80112342043605,90.6316666988391,0.0335522838806088,0.0110336710823482,0.102029120245025,28747.6973884556,9453.68245237153,87418.8560174136,1,-5.80914299031403,-0.446287102628419
"makambako ","makambako ",NA,99541.0643,3,34.142997747233,11.2315245174414,103.792169385133,29.2885823149797,9.63463819981813,89.0351081411168,0.034142997747233,0.0112315245174414,0.103792169385133,3398.63033415207,1117.99790417766,10331.5830066021,1,-5.80914299031403,-0.409473129505703
"chato","chato",NA,394921.3632,4,35.7118298671192,11.7522754756927,108.518115925367,28.0019255165842,9.21505125179052,85.0899046800174,0.0357118298671192,0.0117522754756927,0.108518115925367,14103.3645334892,4641.2246515625,42856.1222731415,1,-5.80914299031403,-0.3147107448397
"mbozi","mbozi",NA,473521.0451,3,36.4229192484939,11.9860509954165,110.681078120693,27.4552402891581,9.0349680088004,83.4303141528769,0.0364229192484939,0.0119860509954165,0.110681078120693,17247.0187881397,5675.64739397151,52409.8197845054,1,-5.80914299031403,-0.273121921120451
"mbeya rural","mbeya rural",NA,317653.8876,2,37.0076528639591,12.1772295155932,112.469455285009,27.0214380705532,8.89130295390782,82.1204855110497,0.0370076528639591,0.0121772295155932,0.112469455285009,11755.6248031879,3868.14429582565,35726.3597075373,1,-5.80914299031403,-0.239527030564734
"kyela","kyela",NA,230438.196,2,37.2386403397068,12.2716864394982,113.001284801956,26.8538268550509,8.84945690442883,81.4883924006856,0.0372386403397068,0.0122716864394982,0.113001284801956,8581.20510137486,2827.86528499562,26039.812215445,1,-5.52146091786225,-0.468404907882039
"mpanda urban","mpanda urban",NA,111296.64,4,38.0878819451277,12.4518337726164,116.503864214464,26.2550698261635,8.58340628220853,80.3094562825886,0.0380878819451277,0.0124518337726164,0.116503864214464,4239.05328520938,1385.84726073073,12966.4886340861,1,-4.96184512992682,-0.891598119283784
"ileje","ileje",NA,126952.4651,1,38.1473850726724,12.547127620945,115.980567971074,26.2141165926565,8.62213401342716,79.6995161132096,0.0381473850726724,0.012547127620945,0.115980567971074,4842.90457209471,1592.88878140326,14724.019007626,1,-5.80914299031403,-0.175544572514931
"korogwe urban","korogwe urban",NA,72467.9572,3,38.1567118617741,12.5782163105946,115.750486726494,26.2077089771934,8.63927252731898,79.5025284433773,0.0381567118617741,0.0125782163105946,0.115750486726494,2765.13896209178,911.517641248512,8388.20131797473,1,-5.52146091786225,-0.41703174447963
"tunduru","tunduru",NA,310329.4716,2,38.1689334141881,12.5540863069917,116.047272764515,26.1993173649511,8.61717794979306,79.6553389507189,0.0381689334141881,0.0125540863069917,0.116047272764515,11844.9449379606,3895.90297006952,36012.888837633,1,-5.80914299031403,-0.174353387144778
"sumbawanga urban","sumbawanga urban",NA,226912.1088,4,38.2157957457007,12.5821197660034,116.073211162972,26.1671903067072,8.61525230482301,79.4778637143463,0.0382157957457007,0.0125821197660034,0.116073211162972,8671.62680212701,2855.03532927799,26338.4171201776,1,-5.29831736654804,-0.601479992034122
"songea urban","songea urban",NA,219899.0144,4,38.2897046097085,12.570163856377,116.633442161135,26.1166809771221,8.57387025085353,79.5534578089598,0.0382897046097085,0.012570163856377,0.116633442161135,8419.86830534205,2764.16664286381,25647.578977313,1,-5.11599580975408,-0.750776293396582
"namtumbo","namtumbo",NA,205691.9439,1,39.062077935254,12.841380023283,118.822582140962,25.6002766073406,8.41590867646417,77.8732502415532,0.039062077935254,0.012841380023283,0.118822582140962,8034.75474327569,2641.36841934771,24440.8478997919,1,-5.80914299031403,-0.125563222975346
"mbeya urban","mbeya urban",NA,416717.7664,4,39.0693120711478,12.4569431561575,122.534969179676,25.595536419452,8.16093566346498,80.2765162740346,0.0390693120711478,0.0124569431561575,0.122534969179676,16280.8764610733,5191.02952820571,51062.4986624475,1,-4.3428059215206,-1.35867919408692
"nyang'hwale","nyang'hwale",NA,157352.688,3,41.8576507251038,13.8015716954632,126.946623390778,23.8904951108558,7.87732649589046,72.4555160865279,0.0418576507251038,0.0138015716954632,0.126946623390778,6586.41385496023,2171.71440490585,19975.3924230625,1,-5.29831736654804,-0.409473129505703
"njombe urban","njombe urban",NA,132840.4823,1,42.2441757744923,13.9291438190711,128.117737173684,23.6719022602831,7.80532049707012,71.7919215272117,0.0422441757744923,0.0139291438190711,0.128117737173684,5611.73668424954,1850.35418295147,17019.2219973368,1,-5.29831736654804,-0.390084006069862
"pangani","pangani",NA,56207.61,2,42.3903537051164,12.8910856433061,139.394162521755,23.5902726114621,7.17390156021729,77.5729855242459,0.0423903537051164,0.0128910856433061,0.139394162521755,2382.66046881924,724.57711431555,7835.01272329942,0,-3.24419363285249,-0.536143431750281
"ludewa","ludewa",NA,133218,0,42.542360465751,14.0127965525742,129.15711915231,23.505982955625,7.74250778093573,71.3633425168296,0.042542360465751,0.0140127965525742,0.12915711915231,5667.40817652642,1866.75673114083,17206.0530992324,1,-5.52146091786225,-0.187535123846842
"tabora urban","tabora urban",NA,236169.7596,2,43.0288341765683,13.7963143328812,134.201100810086,23.2402299327124,7.45150370573448,72.4831267157107,0.0430288341765683,0.0137963143328812,0.134201100810086,10162.1094233484,3258.27223936258,31694.2417163733,1,-4.26869794936688,-1.21739582465808
"bukoba rural","bukoba rural",NA,301400.7588,2,45.5059998874286,14.9915237659535,138.131123832624,21.9751242138129,7.23949803819532,66.7043601178855,0.0455059998874286,0.0149915237659535,0.138131123832624,13715.5428960237,4518.45663862662,41632.8255370498,1,-5.29831736654804,-0.233193887167711
"nyasa","nyasa",NA,155061.144,3,45.5332298125501,15.0002861458806,138.215697820663,21.9619825810023,7.23506819968828,66.6653949314576,0.0455332298125501,0.0150002861458806,0.138215697820663,7060.43470474892,2325.96153010759,21431.8842228302,1,-5.29831736654804,-0.231932057347289
"uvinza","uvinza",NA,407003.676,3,46.3736712978756,15.2758331646005,140.779057120558,21.5639601526612,7.10332929097285,65.4628778165339,0.0463736712978756,0.0152758331646005,0.140779057120558,18874.2546878511,6217.32025195513,57297.5937518811,1,-5.11599580975408,-0.346724613085564
"shinyanga urban","shinyanga urban",NA,167911.1964,2,46.3875488522638,14.8624611889784,144.781181337373,21.5575089596742,6.90697500022307,67.2836071552921,0.0463875488522638,0.0148624611889784,0.144781181337373,7788.98882584706,2495.57363968993,24310.3813745637,1,-4.13516655674236,-1.17118298150295
"bagamoyo","bagamoyo",NA,330724.966,3,46.5394445801902,13.9604311405119,155.147063871637,21.4871494282005,6.44549742061096,71.6310255704132,0.0465394445801902,0.0139604311405119,0.155147063871637,15391.7562264423,4617.06311429114,51311.007423947,0,-2.99573227355399,-0.54818141030976
"mkinga","mkinga",NA,122834.826,2,47.0784791423366,14.1236241517272,156.92737037925,21.2411279679747,6.37237466978051,70.8033567912318,0.0470784791423366,0.0141236241517272,0.15692737037925,5782.87679379354,1734.87291516681,19276.1462351728,0,-3.27016911925575,-0.293029678778376
"bukombe","bukombe",NA,229055.2942,1,47.4219853024078,15.6048266351622,144.112122652775,21.087265613682,6.93904150179933,64.082736923633,0.0474219853024078,0.0156048266351622,0.144112122652775,10862.2567949911,3574.36815585707,33009.6446520178,1,-4.96184512992682,-0.429245636773568
"sengerema","sengerema",NA,703412.7706,3,47.9604878490319,15.7897270271092,145.677527595501,20.8504968328879,6.86447674192187,63.3323171631219,0.047960487849032,0.0157897270271092,0.145677527595501,33736.0196372152,11106.6956351566,102471.43330011,1,-5.11599580975408,-0.275753501586507
"rungwe","rungwe",NA,345974.0557,1,48.4075211025693,15.9334820557435,147.066918021915,20.6579468897225,6.79962573126734,62.7609204630529,0.0484075211025693,0.0159334820557435,0.147066918021915,16747.7464022392,5512.57140824876,50881.3380873415,1,-5.11599580975408,-0.25618340539241
"dodoma urban","dodoma urban",NA,427558.6224,2,48.9780132957391,15.8958995605203,150.90972217486,20.4173246873408,6.62647830496495,62.9093053961943,0.0489780132957391,0.0158958995605203,0.15090972217486,20940.9718926151,6796.42891790481,64522.75291985,1,-4.3428059215206,-0.881889305156823
"mbogwe","mbogwe",NA,197819.8322,1,48.9820441058091,16.1137594665112,148.893909566523,20.4156445133208,6.71619143396337,62.0587642553728,0.0489820441058091,0.0161137594665112,0.148893909566523,9689.61974582415,3187.62119377641,29454.1682060516,1,-4.96184512992682,-0.360969868221613
"kalambo","kalambo",NA,207700,0,49.6066633997498,16.3168969489443,150.814279293178,20.158582163481,6.63067187461762,61.2861626281645,0.0496066633997498,0.0163168969489443,0.150814279293178,10303.303988128,3389.01949629572,31324.125809193,1,-5.11599580975408,-0.204567165741274
"kyerwa","kyerwa",NA,347221.7216,4,49.6643373242078,16.3352570891467,150.995260643403,20.1351725176965,6.62272442021636,61.2172795654628,0.0496643373242078,0.0163352570891467,0.150995260643403,17244.5367078346,5671.95608927211,52428.8343540432,1,-5.11599580975408,-0.202116184122134
"ngara","ngara",NA,320056,0,49.8369149721769,16.3901520608274,151.537220931592,20.0654474812151,6.59903879622701,61.0122466398594,0.0498369149721769,0.0163901520608274,0.151537220931592,15950.603658335,5245.76650798017,48500.3967824816,1,-5.11599580975408,-0.194799078305067
"muleba","muleba",NA,573214.879,3,50.9057156784809,16.7341660581994,154.856350757235,19.6441595343826,6.45759760649196,59.7579823531166,0.0509057156784809,0.0167341660581994,0.154856350757235,29179.9136530488,9592.27297221665,88765.96436169,1,-4.96184512992682,-0.279713902802604
"kilombero","kilombero",28127.9607855952,424358.352,2,51.8848480679938,17.0469308010562,157.919187357293,19.2734495182394,6.33235274784878,58.6615861629497,0.0518848480679938,0.0170469308010562,0.157919187357293,22017.7686199043,7234.00746139425,67014.3260961201,1,-4.96184512992682,-0.239527030564734
"missenyi","missenyi",NA,214972.2888,3,52.703616784007,17.3019378019624,160.541047708565,18.9740298867582,6.22893655095195,57.7969942700048,0.052703616784007,0.0173019378019624,0.160541047708565,11329.8171280961,3719.4371699631,34511.8764722602,1,-4.8283137373023,-0.318828801448618
"muheza","muheza",NA,208570.6661,1,52.9051111282295,17.3706808046436,161.130747549174,18.9017654187747,6.20614013904961,57.5682675449703,0.0529051111282295,0.0173706808046436,0.161130747549174,11034.4542681093,3623.01446603499,33607.1473455222,1,-4.96184512992682,-0.198450938723838
"mpanda rural","mpanda rural",NA,201277.2096,6,53.8501450835698,17.6543573168404,164.256227144297,18.5700521038171,6.08804924711628,56.6432400824984,0.0538501450835698,0.0176543573168404,0.164256227144297,10838.8069389761,3553.41977801497,33061.035059028,1,-4.71053070164592,-0.372514007968478
"singida urban","singida urban",NA,159537.0811,3,54.0065065408874,17.4128817427786,167.502587557658,18.5162874633063,5.97005702766103,57.4287481401358,0.0540065065408874,0.0174128817427786,0.167502587557658,8616.04041394123,2778.00032678238,26722.8738956459,1,-4.07454193492592,-0.901402119380404
"kibaha urban","kibaha urban",6722.03078850461,141658.02,5,54.1816792738929,17.0438270360477,172.241502024756,18.4564231563388,5.80580166942734,58.6722687272642,0.0541816792738929,0.0170438270360477,0.172241502024756,7675.26940621471,2414.39479114898,24399.3901386529,1,-3.61191841297781,-1.2837377727948
"magu","magu",NA,311869.2636,2,54.2590503767166,17.7984019071893,165.410611758007,18.4301050802967,6.04556134199528,56.1848195818114,0.0542590503767166,0.0177984019071893,0.165410611758007,16921.7300846219,5550.77449605197,51586.4856805953,1,-4.8283137373023,-0.257476230394715
"misungwi","misungwi",NA,373019.8663,3,55.3451132925807,18.1421562279364,168.83779011074,18.0684425508992,5.92284463889336,55.1202397022763,0.0553451132925807,0.0181421562279364,0.16883779011074,20644.8267607568,6767.38469053855,62979.8498934958,1,-4.8283137373023,-0.215671536475509
"kahama urban","kahama urban",NA,261972.1728,4,55.6894980319757,18.0968855826738,171.373144670963,17.9567070154919,5.83521999272407,55.2581268987751,0.0556894980319757,0.0180968855826738,0.171373144670963,14589.098801578,4740.88043700604,44894.9950690211,1,-4.26869794936688,-0.673344553263766
"kilolo","kilolo",NA,222514.413,1,56.0562095897754,18.3659454972492,171.093757957818,17.8392368538311,5.84474858659977,54.4485989109452,0.0560562095897754,0.0183659454972492,0.171093757957818,12473.3145718738,4086.68758151039,38070.8271199479,1,-4.8283137373023,-0.188742124596877
"butiama","butiama",NA,251497.9728,2,56.6588120219961,18.5506652921649,173.051528297465,17.6495052457468,5.77862564889377,53.9064224517253,0.0566588120219961,0.0185506652921649,0.173051528297465,14249.5763647883,4665.4547150708,43522.1085567544,1,-4.71053070164592,-0.265268477614881
"wang'ing'ombe","wang'ing'ombe",NA,165068.5016,1,56.883902978429,18.6251568910953,173.731605966034,17.5796657338933,5.75600504260295,53.6908228933149,0.056883902978429,0.0186251568910953,0.173731605966034,9389.74062980905,3074.42674007801,28677.6158773748,1,-4.8283137373023,-0.157824085193567
"rorya","rorya",NA,275956.7364,2,57.893362584519,18.9085927768801,177.254937524526,17.2731372882356,5.64159178844671,52.8860085887892,0.057893362584519,0.0189085927768801,0.177254937524526,15976.0633980457,5217.95355262446,48914.694070054,1,-4.50986000618377,-0.388607991041742
"kasulu ","kasulu ",NA,478422.1384,6,57.9385156156112,18.9539742893245,177.10647595587,17.2596758714777,5.64632091854829,52.7593835854908,0.0579385156156112,0.0189539742893245,0.17710647595587,27719.0685365425,9068.00091067723,84731.6589512957,1,-4.71053070164592,-0.218156009803171
"sumbawanga rural","sumbawanga rural",NA,350163.0854,7,58.3367641720918,19.05018123077,178.642817768757,17.1418489556608,5.59776212942656,52.4929389325069,0.0583367641720918,0.01905018123077,0.178642817768757,20427.3813347518,6670.67023719561,62554.120254458,1,-4.50986000618377,-0.372514007968478
"rombo","rombo",NA,266208.3563,1,58.3916936608975,19.0861869261889,178.641752895632,17.1257234942931,5.59779549736185,52.3939120929314,0.0583916936608975,0.0190861869261889,0.178641752895632,15544.3567910407,5080.90244965531,47555.9274048971,1,-4.60517018598809,-0.29035230100766
"tarime","tarime",NA,353416.5972,2,59.4095756267601,19.3912764101942,182.014716385366,16.8323033694515,5.49406124877715,51.5695810242944,0.0594095756267601,0.0193912764101942,0.182014716385366,20996.3300591056,6853.19892425547,64327.021705239,1,-4.50986000618377,-0.334075112021491
"lushoto","lushoto",NA,512335.6164,2,59.652677284718,19.4892783961553,182.584590096301,16.7637069368584,5.47691346500035,51.3102629904076,0.059652677284718,0.0194892783961553,0.182584590096301,30562.1911865763,9985.05146028545,93544.5885121296,1,-4.71053070164592,-0.156653810045377
"songea rural","songea rural",NA,177314.8021,1,61.5183516408522,20.0656525074872,188.606255749491,16.2553120057257,5.30205106944179,49.8364057499184,0.0615183516408522,0.0200656525074872,0.188606255749491,10908.1143467159,3557.93720337246,33442.6809130429,1,-4.60517018598809,-0.180323554131282
"babati urban","babati urban",NA,94979.4708,1,61.6081133107602,19.9190196021265,190.54952008312,16.231628372644,5.24797963051173,50.2032740553779,0.0616081133107602,0.0199190196021265,0.19054952008312,5851.50599924244,1891.8979406648,18098.2925786887,1,-4.07454193492592,-0.623621117911335
"kilindi","kilindi",NA,261108.3825,5,61.8283128980158,17.7709776189345,215.111422555724,16.1738199398951,4.64875359996725,56.2715243608503,0.0618283128980158,0.0177709776189345,0.215111422555724,16143.8907735048,4640.1512215237,56167.3956007992,0,-2.74887219562247,-0.156653810045377
"biharamulo","biharamulo",NA,370359.1214,7,63.0734120596572,20.5268920087691,193.806997530254,15.8545410394821,5.15977241659654,48.7165811352639,0.0630734120596572,0.0205268920087691,0.193806997530254,23359.8134741148,7602.32168944041,71778.1893264769,1,-4.42284862919414,-0.281037529733112
"ulanga","ulanga",19624.820664525,281353.8627,3,63.7927064683078,20.7633145300086,195.995171805067,15.6757732249031,5.10216650129821,48.1618673432283,0.0637927064683078,0.0207633145300086,0.195995171805067,17948.3243769457,5841.83874547296,55143.9986579057,1,-4.50986000618377,-0.183922838160928
"bunda","bunda",NA,355466.2149,3,64.626518592791,20.9944310310681,198.937846862519,15.4735242091711,5.02669560252692,47.6316790162197,0.064626518592791,0.0209944310310681,0.198937846862519,22972.5439463439,7462.81093259289,70715.6834245756,1,-4.3428059215206,-0.297059234264378
"handeni urban","handeni urban",NA,85506.9696,4,67.3179384626784,21.7688371087172,208.173951425741,14.8548815194988,4.80367497062531,45.9372264584384,0.0673179384626784,0.0217688371087172,0.208173951425741,5756.15291766292,1861.38729288244,17800.3237360727,1,-4.13516655674236,-0.385662480811985
"musoma","musoma",NA,189217.8804,3,67.7843056584267,21.9575533901172,209.254283114395,14.7526774861296,4.77887470266652,45.542414595703,0.0677843056584267,0.0219575533901172,0.209254283114395,12826.0026410732,4154.76171124781,39594.6519155273,1,-4.26869794936688,-0.258770728957361
"kahama rural","kahama rural",NA,544963.6008,2,68.9653236823892,22.2586424177531,213.679512943847,14.5000406958919,4.6799058375933,44.9263697772699,0.0689653236823892,0.0222586424177531,0.213679512943847,37583.5911242923,12130.1499208983,116447.556791069,1,-4.07454193492592,-0.385662480811985
"gairo","gairo",NA,204765.3699,3,69.1020994423451,22.3635377630062,213.521679706631,14.471340351017,4.68336518040676,44.7156443044624,0.0691020994423451,0.0223635377630062,0.213521679706631,14149.7169531784,4579.27808231459,43721.8457267976,1,-4.26869794936688,-0.218156009803171
"moshi","moshi",NA,485593.1748,2,70.2016693920402,22.5322263212356,218.721146999337,14.2446754993178,4.57203161980049,44.3808785578167,0.0702016693920402,0.0225322263212356,0.218721146999337,34089.4515163408,10941.4953146409,106209.496167306,1,-3.86323284125871,-0.525939261576039
"urambo","urambo",NA,208511.9296,4,70.6259420627046,22.775098542001,219.012167303943,14.1591031679572,4.56595636813279,43.9076036556257,0.0706259420627046,0.022775098542001,0.219012167303943,14726.3514593123,4748.87974382278,45666.6496104231,1,-4.07454193492592,-0.335472736288129
"karagwe","karagwe",NA,366052.05,5,71.2719283654435,22.9956047058238,220.898203718141,14.0307695180148,4.52697207658586,43.4865711422993,0.0712719283654435,0.0229956047058238,0.220898203718141,26089.2354856238,8417.58824355646,80860.2403123432,1,-4.13516655674236,-0.265268477614881
"shinyanga rural","shinyanga rural",NA,347927.4468,2,73.4410717674412,23.5458534351955,229.067552687994,13.6163590200127,4.36552444143876,42.4703229701258,0.0734410717674412,0.0235458534351955,0.229067552687994,25552.1645903014,8192.24866843459,79698.8887514584,1,-3.86323284125871,-0.430782916092454
"mpwapwa","mpwapwa",NA,317380.2624,2,73.6821786234206,23.6718897872873,229.346431378253,13.5718028250883,4.36021608878115,42.2441980334429,0.0736821786234206,0.0236718897872873,0.229346431378253,23385.2691857049,7512.99059219313,72790.0305713335,1,-3.9633162998157,-0.339677367570161
"busega","busega",NA,211822.3188,2,76.1134049689891,24.3454409985419,237.960381014264,13.1382901659364,4.20238022706837,41.0754522811844,0.0761134049689891,0.0243454409985419,0.237960381014264,16122.5179322947,5156.90776451974,50405.319688973,1,-3.81671282562382,-0.39452516806983
"hai","hai",NA,219038.5332,2,77.454600295861,24.677630274861,243.103370954665,12.9107889806442,4.11347648563247,40.5225294674544,0.077454600295861,0.024677630274861,0.243103370954665,16965.5420383977,5405.35193825747,53249.0057898852,1,-3.68887945411394,-0.465215112513938
"iramba","iramba",NA,270519.2618,7,79.0775012990093,25.2032188811315,248.11319701613,12.6458219287782,4.03041842201965,39.6774715450594,0.0790775012990093,0.0252032188811315,0.24811319701613,21391.9872763965,6817.95616670752,67119.3988996413,1,-3.72970144863419,-0.387134151423441
"kongwa","kongwa",NA,322495.9092,2,79.1406368619721,25.2930211323227,247.627215829689,12.6357335453856,4.03832832610683,39.5365976554723,0.0791406368619721,0.0252930211323227,0.247627215829689,25522.5316394687,8156.89584648321,79858.7641116601,1,-3.86323284125871,-0.273121921120451
"bariadi","bariadi",NA,440001.8064,2,79.4626750467896,25.3455252000326,249.129448916828,12.5845247395859,4.01397748980632,39.4546963263841,0.0794626750467896,0.0253455252000326,0.249129448916828,34963.7205619636,11152.076872171,109617.407550841,1,-3.77226106305299,-0.341082849178896
"kwimba","kwimba",NA,431265.3981,3,79.814481602928,25.4753651932209,250.059279826902,12.5290546266395,3.99905174761852,39.2536080411559,0.079814481602928,0.0254753651932209,0.250059279826902,34421.2241826319,10986.6435117973,107841.914863148,1,-3.81671282562382,-0.294371060602578
"handeni","handeni",NA,299220.3136,4,82.0347606499071,26.1930653044246,256.926857420951,12.1899545031601,3.89215829764964,38.1780440119423,0.0820347606499071,0.0261930653044246,0.256926857420951,24546.4668077662,7837.49721453521,76877.7348497595,1,-3.9633162998157,-0.113168698105638
"kisarawe","kisarawe",5106.31749982655,103640.1198,1,83.3820029725112,26.527712758021,262.086614218396,11.9929956627412,3.81553252149957,37.6964274727242,0.0833820029725112,0.026527712758021,0.262086614218396,8641.72077723502,2749.33532826129,27162.6880955709,1,-3.77226106305299,-0.239527030564734
"mlele","mlele",NA,293983.7472,2,83.383493047637,26.4122588210687,263.241662136037,11.9927813461676,3.79879078366868,37.8612070544422,0.083383493047637,0.0264122588210687,0.263241662136037,24513.3917407695,7764.77482023404,77388.7702539084,1,-3.57555076880693,-0.404965233066513
"kaliua","kaliua",NA,433677.195,5,83.3887939212316,26.4635684167308,262.764674897032,11.9920189869228,3.80568659159328,37.787798843023,0.0833887939212316,0.0264635684167308,0.262764674897032,36163.8182421927,11476.6461206584,113955.047154432,1,-3.64965874096066,-0.342490308946776
"maswa","maswa",NA,351041.9125,1,83.4310552177684,26.5613355193485,262.062913579018,11.9859445309644,3.81587759344849,37.6487093155219,0.0834310552177684,0.0265613355193485,0.262062913579018,29287.7971855385,9324.14201926628,91995.0663781005,1,-3.81671282562382,-0.20089294237939
"nkasi","nkasi",NA,298325.08,3,83.8329187608163,26.5975153261835,264.233639186554,11.9284884122083,3.78452949094032,37.5974968991019,0.0838329187608163,0.0265975153261835,0.264233639186554,25009.462195954,7934.70588748493,78827.52154902,1,-3.64965874096066,-0.331285709933913
"itilima","itilima",NA,326581.56,2,84.200759688584,26.7901756727057,264.640591340274,11.8763774067894,3.77870981520821,37.3271161868048,0.084200759688584,0.0267901756727057,0.264640591340274,27498.4154522829,8749.17736386629,86426.7371592293,1,-3.81671282562382,-0.18152187662339
"bahi","bahi",NA,230599.458,2,84.3442121690153,26.8327375553619,265.121891187368,11.8561780860093,3.77184998010321,37.2679082011956,0.0843442121690153,0.0268327375553619,0.265121891187368,19449.7296116119,6187.6147369227,61136.9644117421,1,-3.81671282562382,-0.177931208492662
"kilosa","kilosa",NA,455877.27,2,86.6617677126271,27.4231543662759,273.865722475501,11.5391138029405,3.65142446802359,36.4655351694248,0.0866617677126271,0.0274231543662759,0.273865722475501,39507.1300782066,12501.5927472865,124849.157908709,1,-3.61191841297781,-0.293029678778376
"momba","momba",NA,221144.7048,6,86.7563974285921,27.223701676941,276.474984339219,11.5265274912214,3.61696376397315,36.7326975540222,0.0867563974285921,0.027223701676941,0.276474984339219,19185.7178988575,6020.37747091038,61140.9787962812,1,-3.32423634052603,-0.53273045915404
"kondoa","kondoa",NA,275125.0504,1,87.5199257561044,27.7373258825169,276.1526989587,11.4259694733602,3.62118495951964,36.0525021134179,0.0875199257561044,0.0277373258825169,0.2761526989587,24078.9239846525,7631.23318138867,75976.5252191084,1,-3.72970144863419,-0.173163619009189
"mbarali","mbarali",NA,318818.4853,3,88.020680319872,27.6603127999802,280.099513696702,11.3609664952139,3.57015971503193,36.1528811055498,0.088020680319872,0.0276603127999802,0.280099513696702,28062.6199746571,8818.61902981387,89300.9026900492,1,-3.38139475436598,-0.454130280089445
"chunya","chunya",NA,308168.1102,3,88.4819551000229,27.6394119832844,283.25698039659,11.3017394209878,3.53036313032743,36.1802197747468,0.0884819551000229,0.0276394119832844,0.28325698039659,27267.3168899753,8517.585357928,87290.7683497756,1,-3.2188758248682,-0.579818495252942
"siha","siha",NA,123396.4617,3,89.2086200242667,28.1794993157931,282.410194640111,11.2096790615972,3.54094865900414,35.4867909040369,0.0892086200242667,0.0281794993157931,0.282410194640111,11008.0280641343,3477.25050804644,34848.418766598,1,-3.61191841297781,-0.231932057347289
"kishapu","kishapu",NA,278477.099,1,89.2196986634386,28.0464262154547,283.820639693781,11.2082871269525,3.52335193479557,35.655166626861,0.0892196986634386,0.0280464262154547,0.283820639693781,24845.6428574486,7810.28740979738,79037.5483782484,1,-3.41124771751566,-0.400477566597125
"mvomero","mvomero",NA,324718.2036,2,89.5078481271114,28.1809080728482,284.293708905184,11.1722046828775,3.51748902165653,35.4850169275944,0.0895078481271114,0.0281809080728482,0.284293708905184,29064.8276519372,9150.853845232,92315.3424504725,1,-3.47376807449699,-0.341082849178896
"korogwe","korogwe",NA,251816.3352,2,91.0843709131468,28.7650603272391,288.418050588528,10.9788319332364,3.46718937306269,34.7643978014901,0.0910843709131468,0.0287650603272391,0.288418050588528,22936.5324773461,7243.51207341226,72628.3765047313,1,-3.68887945411394,-0.123298216344494
"arusha","arusha",NA,342880.7582,3,91.7724789377069,28.183673813438,298.832151767104,10.8965128933564,3.3463601359045,35.4815346863402,0.0917724789377069,0.028183673813438,0.298832151767104,31467.0171600545,9663.63944601311,102463.794772442,1,-2.86470401114759,-0.800732391239883
"meru","meru",NA,278977.0176,2,92.2739979034824,28.8106292106171,295.532965519343,10.8372891900272,3.38371727242912,34.7094120260132,0.0922739979034824,0.0288106292106171,0.295532965519343,25742.3247371422,8037.50341235739,82446.90532307,1,-3.24419363285249,-0.470003629245736
"serengeti","serengeti",45071.4830153365,269772.672,4,93.2979782016092,29.3023806748433,297.058209471046,10.7183458771109,3.36634359232367,34.126919962463,0.0932979782016092,0.0293023806748433,0.297058209471046,25169.2448716459,7904.98153061365,80138.1869085399,1,-3.47376807449699,-0.253602758798918
"morogoro rural","morogoro rural",12527.3321764397,292001.5848,1,93.9770896325914,29.5212942021454,299.16348908478,10.6408913481951,3.34265388821097,33.8738536716093,0.0939770896325914,0.0295212942021454,0.29916348908478,27441.4591076083,8620.26469237351,87356.2129270534,1,-3.50655789731998,-0.210721031315653
"sikonge","sikonge",NA,190837.8747,3,94.1803206145982,29.4515796400619,301.170018704297,10.6179294514421,3.32038363015759,33.9540361576986,0.0941803206145982,0.0294515796400619,0.301170018704297,17973.1722246545,5620.4768650672,57474.6462928872,1,-3.32423634052603,-0.359536176219765
"kibaha rural","kibaha rural",9506.17788575026,74484.7281,3,94.625899620303,29.0264553615723,308.479308527827,10.5679312324914,3.24170851125268,34.4513302621128,0.094625899620303,0.0290264553615723,0.308479308527827,7048.18440443616,2162.0276353135,22976.9974201712,1,-2.84731226843572,-0.750776293396582
"uyui","uyui",NA,420777.3407,3,95.3791976751176,29.7592217854953,305.693186963079,10.4844664704165,3.27125380167788,33.6030292461277,0.0953791976751176,0.0297592217854953,0.305693186963079,40133.4051558356,12522.0062042022,128628.766280432,1,-3.27016911925575,-0.378336440719912
"manyoni","manyoni",NA,320978.8608,4,95.4084333547641,29.6957378838153,306.534533367215,10.4812537512447,3.26227517994536,33.6748662017594,0.0954084333547641,0.0296957378838153,0.306534533367215,30624.0902489249,9531.70411656245,98391.1053160684,1,-3.19418321227783,-0.441610554744518
"singida rural","singida rural",NA,234632.0484,2,95.639008773587,29.8819539478157,306.098457121237,10.4559845697206,3.26692270651964,33.4650137586835,0.095639008773587,0.0298819539478157,0.306098457121237,22439.9765354923,7011.26406497047,71820.5080064355,1,-3.32423634052603,-0.327116141697188
"iringa rural","iringa rural",NA,254032,0,96.0367829719452,29.953376342593,307.913992002481,10.4126769874427,3.2476601452783,33.3852180322665,0.0960367829719452,0.029953376342593,0.307913992002481,24396.4160519292,7609.11609906159,78220.0072163743,1,-3.27016911925575,-0.363843433417345
"chamwino","chamwino",NA,343896.9372,2,96.7198312388739,30.2209029210476,309.544879559541,10.3391412825178,3.23054931944901,33.0896797694136,0.0967198312388739,0.0302209029210476,0.309544879559541,33261.6537295496,10392.8759539668,106451.536006469,1,-3.35240721749272,-0.279713902802604
"babati rural","babati rural",NA,337883.1872,4,97.3218085236072,30.1657397090001,313.983164532835,10.2751892424752,3.18488413698189,33.1501899057242,0.0973218085236072,0.0301657397090001,0.313983164532835,32883.4028480245,10192.4962771226,106089.632359496,1,-3.10109278921182,-0.478035800943
"chemba","chemba",NA,245233.7244,2,99.7070052716472,31.1267161024366,319.387591916967,10.0293855710092,3.13099201505604,32.1267427218806,0.0997070052716472,0.0311267161024366,0.319387591916967,24451.5202515365,7633.32051814198,78324.6086929451,1,-3.41124771751566,-0.166054584330083
"igunga","igunga",NA,415875.9708,2,100.689314623946,30.87155127078,328.403907873457,9.93154043936835,3.04503075641027,32.3922821768436,0.100689314623946,0.03087155127078,0.328403907873457,41874.2664684201,12838.7363548376,136575.294001388,1,-2.86470401114759,-0.605136303237232
"same","same",NA,280707.2028,2,101.836566735544,31.5614453083534,328.587180439992,9.81965547401915,3.04333236208715,31.6842270761069,0.101836566735544,0.0315614453083534,0.328587180439992,28586.25779109,8859.52502883308,92236.7882972491,1,-3.17008566069877,-0.324346056823372
"mwanga","mwanga",NA,134083.9842,1,102.7032084022,31.5864030406504,333.939543623594,9.73679416210507,2.99455401163022,31.6591920489662,0.1027032084022,0.0315864030406504,0.333939543623595,13770.8553726899,4235.2307662374,44775.9444909813,1,-2.95651156040071,-0.486133011175619
"nzega","nzega",NA,522542.9808,2,103.614589278577,31.7366271553062,338.283682725028,9.65115054706645,2.9560988338088,31.5093344704339,0.103614589278577,0.0317366271553062,0.338283682725028,54143.0763359951,16583.751754272,176767.763927138,1,-2.86470401114759,-0.544727175441672
"ikungi","ikungi",NA,289582.2031,3,108.427747439503,33.208424456887,354.023914325344,9.22273148354344,2.82466793777386,30.1128408334534,0.108427747439503,0.033208424456887,0.354023914325344,31398.7459807016,9616.56871570526,102519.025060419,1,-2.91877123241786,-0.403467105445491
"mkalama","mkalama",NA,177578.8797,-3,114.874715444554,34.991102805051,377.130161400985,8.70513581800915,2.65160441234703,28.5786934344821,0.114874715444554,0.034991102805051,0.377130161400985,20399.3232745003,6213.68083558849,66970.3515626672,1,-2.86470401114759,-0.327116141697188
"karatu","karatu",NA,244183.1094,3,115.271898214831,34.8338815722811,381.456499198296,8.67514125720659,2.62153090090663,28.7076821434607,0.115271898214831,0.0348338815722811,0.381456499198296,28147.4505325378,8505.84551479096,93145.2340750786,1,-2.65926003693278,-0.492658319810542
"meatu","meatu",NA,311723.6076,2,119.914935442016,36.2167414667917,397.042670314446,8.33924478476279,2.51862098148803,27.6115398431671,0.119914935442016,0.0362167414667917,0.397042670314446,37380.3162811064,11289.6133055448,123767.573561557,1,-2.70306265959117,-0.372514007968478
"hanang","hanang",NA,292797.791,3,120.366685327213,36.0219288498707,402.203307797395,8.30794664887156,2.48630476332069,27.760867669461,0.120366685327213,0.0360219288498707,0.402203307797395,35243.0995738002,10547.1411948013,117764.24005597,1,-2.48891467118554,-0.544727175441672
"mbulu","mbulu",NA,339783.9911,3,126.090671063246,37.5442615737057,423.469703831241,7.93080084012247,2.36144402055859,26.6352288761049,0.126090671063246,0.0375442615737057,0.423469703831241,42843.5914543471,12756.9390404161,143888.226077714,1,-2.43041846450393,-0.49593701127224
"simanjiro","simanjiro",NA,185912.1972,2,147.469587581253,40.6192168733429,535.393858754006,6.78105917566914,1.8677838448264,24.6188892099559,0.147469587581253,0.0406192168733428,0.535393858754006,27416.3950474086,7551.60785746648,99536.2486483437,1,-1.2801341652915,-1.13320373343773
"longido","longido",NA,133202.2848,4,169.959951057111,43.8741777424154,658.391483321403,5.88373904428797,1.51885318284385,22.7924499433581,0.169959951057111,0.0438741777424154,0.658391483321403,22639.0538053034,5844.14071901103,87699.249871272,1,-0.544727175441672,-1.45243416362444
"ngorongoro","ngorongoro",NA,184891.5302,3,177.970324969644,45.4653942239716,696.649333199906,5.61891427781889,1.43544241319621,21.9947504485236,0.177970324969644,0.0454653942239716,0.696649333199906,32905.2057138287,8406.16630921635,128804.56122814,1,-0.429245636773568,-1.45243416362444
"monduli","monduli",NA,171897.6064,4,186.323518491073,50.5737204028011,686.452435501869,5.36700899649396,1.45676517160128,19.7731152075696,0.186323518491073,0.0505737204028011,0.686452435501869,32028.5668446417,8693.50148398435,117999.530570222,1,-1.15836229307388,-0.742337424750717
"kiteto","kiteto",NA,269747.5725,5,189.847152318564,52.4902108777241,686.6411972973,5.2673953113713,1.45636469809286,19.0511713189627,0.189847152318564,0.0524902108777241,0.6866411972973,51210.8084839705,14159.1069642792,185219.79614944,1,-1.48722027970985,-0.426178149705706
