"ID","biter_ID","SS","SS_uncert","biter_SS","biter_SS_uncert","Serial_Interval"
3777,3778,2008-08-02,0,2008-07-25,7,8
4867,4866,2010-11-25,7,2010-10-15,7,41
6537,6536,2011-09-25,7,2011-09-13,0,12
6541,6540,2011-07-15,7,2011-07-02,0,13
6554,6553,2011-10-01,0,2011-09-05,7,26
6810,6809,2012-01-20,0,2011-11-15,7,66
6811,6809,2012-01-30,0,2011-11-15,7,76
6812,6809,2012-02-02,0,2011-11-15,7,79
6814,6809,2012-01-25,0,2011-11-15,7,71
6824,5550,2011-09-15,0,2011-02-25,7,202
7028,6773,2012-02-05,7,2012-01-23,0,13
7029,6773,2012-02-05,7,2012-01-23,0,13
7194,7195,2012-04-11,0,2012-04-05,7,6
7238,7225,2012-05-17,0,2012-05-12,0,5
7248,7242,2012-05-05,7,2012-04-25,0,10
7296,7300,2012-02-05,7,2012-01-23,0,13
7297,7300,2012-02-05,7,2012-01-23,0,13
7298,7300,2012-02-05,7,2012-01-23,0,13
7325,7323,2012-05-21,0,2012-04-12,0,39
7354,7355,2012-06-10,0,2012-04-12,0,59
7361,7362,2012-03-25,7,2012-03-05,7,20
7416,7427,2009-02-15,28,2009-02-01,28,14
7423,7424,2012-03-15,7,2012-02-15,7,29
7429,7428,2012-02-25,7,2012-02-15,7,10
7507,7510,2012-05-25,7,2012-05-15,7,10
7548,7549,2012-08-01,0,2012-07-13,0,19
7711,7710,2012-08-15,7,2012-07-15,28,31
7820,7819,2012-07-15,0,2012-07-05,7,10
7958,7956,2013-03-25,0,2013-03-21,0,4
7969,7968,2011-04-25,0,2011-04-18,0,7
8066,8065,2013-02-15,7,2013-01-15,7,31
8127,8116,2013-01-23,0,2012-12-16,0,38
8293,8276,2013-01-15,28,2012-09-27,0,110
8294,8276,2012-10-25,7,2012-09-27,0,28
8688,7970,2011-05-25,7,2011-05-15,7,10
8690,7972,2012-07-05,7,2012-06-30,0,5
8902,8901,2014-01-29,0,2014-01-06,0,23
8927,8926,2014-01-15,7,2014-01-01,0,14
8928,8926,2014-01-28,0,2014-01-01,0,27
8992,8944,2014-05-13,0,2014-04-11,0,32
9010,9002,2014-06-20,0,2014-06-10,0,10
9021,9002,2014-07-01,0,2014-06-10,0,21
9032,9031,2014-07-01,0,2014-06-26,0,5
9039,9031,2014-07-02,0,2014-06-26,0,6
9040,9031,2014-07-03,0,2014-06-26,0,7
9120,9119,2013-10-20,0,2013-10-07,0,13
9654,9558,2014-11-13,0,2014-10-22,0,22
9655,9558,2014-11-20,0,2014-10-22,0,29
9657,9558,2014-11-13,0,2014-10-22,0,22
9687,9558,2014-10-25,0,2014-10-22,0,3
9784,9424,2014-11-28,0,2014-10-06,0,53
2824,2825,2007-06-18,0,2007-06-15,7,3
2839,2833,2007-05-10,7,2007-05-05,7,5
2947,2941,2007-09-06,0,2007-08-25,7,12
3081,3079,2007-12-03,0,2007-09-15,7,79
3540,3541,2008-03-09,0,2008-02-21,0,17
3543,3541,2008-02-25,7,2008-02-21,0,4
3544,3541,2008-02-25,7,2008-02-21,0,4
3545,3541,2008-02-25,7,2008-02-21,0,4
3546,3541,2008-03-01,0,2008-02-21,0,9
3684,3683,2008-06-06,0,2008-05-25,7,12
3721,3781,2008-08-07,0,2008-07-15,7,23
3723,3756,2008-08-07,0,2008-07-21,0,17
3727,3728,2009-01-17,0,2008-12-15,28,33
3782,3781,2008-07-25,7,2008-07-15,7,10
3901,3900,2007-04-05,7,2007-03-29,0,7
4028,3995,2009-05-15,7,2009-04-09,0,36
4037,4030,2007-11-25,7,2007-11-22,0,3
4111,3783,2008-08-15,7,2008-08-03,0,12
4131,4130,2009-12-23,0,2009-12-22,0,1
4136,4130,2009-12-29,7,2009-12-22,0,7
4560,4550,2010-10-18,0,2010-09-06,0,42
4592,4581,2010-10-18,0,2010-10-04,0,14
4640,4641,2010-09-09,0,2010-08-05,7,35
5085,5084,2011-01-25,7,2011-01-15,7,10
5169,5250,2010-12-19,0,2010-11-05,7,44
5309,5310,2011-06-09,0,2011-05-15,7,25
5902,5901,2011-04-05,7,2011-03-05,7,31
5945,5944,2011-04-25,7,2011-04-05,7,20
8681,6773,2012-02-05,7,2012-01-23,0,13
7116,7467,2012-07-04,0,2012-06-25,7,9
7122,7121,2012-06-16,7,2012-05-25,7,22
7327,7328,2012-03-05,7,2012-02-25,7,9
8566,7858,2013-01-03,0,2012-12-29,0,5
9304,3833,2009-05-15,7,2008-09-16,0,241
9479,9478,2014-06-28,0,2014-04-29,0,60
1709,1606,2004-10-25,7,2004-10-25,0,0.5
1710,1606,2004-10-29,0,2004-10-25,0,4
1933,1932,2005-02-23,28,2005-02-15,7,8
1936,1937,2005-01-15,28,2005-01-15,28,0.5
2690,2689,2006-09-25,7,2006-09-13,0,12
2694,2878,2007-05-15,28,2007-04-15,28,30
2695,2697,2007-04-25,7,2007-04-25,7,0.5
2696,2695,2007-05-05,7,2007-04-25,7,10
2698,2696,2007-05-15,7,2007-05-05,7,10
3773,3756,2008-08-04,0,2008-07-21,0,14
3869,3857,2008-11-15,7,2008-10-21,0,25
3874,3857,2008-10-25,7,2008-10-21,0,4
4350,4349,2010-05-05,7,2010-05-05,7,0.5
4351,4349,2010-05-15,7,2010-05-05,7,10
4523,4522,2010-09-09,0,2010-08-15,7,25
4525,4523,2010-09-25,7,2010-09-09,0,16
4682,4681,2010-11-15,7,2010-10-28,0,18
4683,4681,2010-11-15,7,2010-10-28,0,18
4684,4681,2010-11-15,7,2010-10-28,0,18
4685,4681,2010-11-15,7,2010-10-28,0,18
4686,4681,2010-11-15,7,2010-10-28,0,18
4715,4713,2010-09-15,7,2010-09-04,0,11
4720,4719,2010-09-16,0,2010-09-16,0,0.5
4737,4738,2010-10-24,0,2010-10-05,7,19
4791,4790,2010-09-20,0,2010-09-15,7,5
4792,4791,2010-09-23,0,2010-09-20,0,3
4849,4688,2010-12-25,7,2010-12-15,7,10
4850,4849,2011-01-03,0,2010-12-25,7,9
4851,4849,2011-01-03,0,2010-12-25,7,9
4871,4867,2010-12-17,0,2010-11-25,7,22
4887,4886,2011-01-12,0,2010-12-15,7,28
4940,4933,2011-01-15,0,2010-12-23,0,23
4958,4947,2011-01-29,0,2011-01-16,0,13
4980,4974,2011-01-26,0,2010-12-15,7,42
4983,4990,2010-12-25,7,2010-11-25,7,30
4984,4983,2011-01-15,7,2010-12-25,7,21
4991,4990,2010-12-25,7,2010-11-25,7,30
4992,4990,2010-12-25,7,2010-11-25,7,30
4993,4990,2010-12-05,7,2010-11-25,7,10
4994,4990,2010-12-05,7,2010-11-25,7,10
5176,5177,2010-10-22,0,2010-10-05,7,17
5177,5178,2010-10-05,7,2010-09-15,7,20
5181,5177,2010-10-15,7,2010-10-05,7,10
5185,5177,2010-10-15,7,2010-10-05,7,10
5186,5837,2010-11-05,7,2010-10-02,0,34
5233,5232,2011-01-25,7,2011-01-05,7,20
5234,5233,2011-03-01,0,2011-01-25,7,35
5235,5233,2011-03-01,0,2011-01-25,7,35
5239,5240,2010-10-30,0,2010-10-15,7,15
5248,5247,2010-07-25,7,2010-07-06,0,19
5249,5247,2010-07-25,7,2010-07-06,0,19
5255,5254,2011-05-11,0,2011-04-15,7,26
5285,5286,2011-06-05,7,2011-05-15,7,21
6182,5309,2011-06-25,7,2011-06-09,0,16
6197,6183,2010-09-25,7,2010-09-15,7,10
6198,6183,2010-09-25,7,2010-09-15,7,10
6199,6200,2011-02-20,0,2011-02-05,7,15
6200,6208,2011-02-05,7,2011-02-05,7,0.5
6201,6200,2011-02-15,7,2011-02-05,7,10
6203,6201,2011-02-25,7,2011-02-15,7,10
6204,6201,2011-02-25,7,2011-02-15,7,10
6205,6201,2011-02-25,7,2011-02-15,7,10
6206,6201,2011-02-25,7,2011-02-15,7,10
6229,6227,2011-12-15,28,2010-11-05,7,405
6236,6200,2011-02-25,7,2011-02-05,7,20
6237,6200,2011-02-25,7,2011-02-05,7,20
6238,6199,2011-03-05,7,2011-02-20,0,13
6239,6199,2011-03-05,7,2011-02-20,0,13
6253,6266,2011-07-05,0,2011-06-17,0,18
6284,6283,2011-05-15,7,2011-05-13,0,2
6285,6283,2011-05-15,7,2011-05-13,0,2
6301,6297,2011-04-05,7,2011-03-24,0,12
6302,6297,2011-04-05,7,2011-03-24,0,12
6356,6353,2011-07-25,7,2011-07-05,7,20
6358,6359,2011-08-06,0,2011-08-05,0,1
6404,6403,2011-02-05,7,2011-01-24,0,12
6416,6415,2011-06-25,7,2011-06-05,7,20
6417,6415,2011-06-25,7,2011-06-05,7,20
6418,6415,2011-06-25,7,2011-06-05,7,20
6427,6425,2011-04-15,7,2011-03-25,7,21
6432,6431,2011-07-05,7,2011-06-15,7,20
6433,6434,2011-09-28,0,2011-09-23,0,5
6472,6289,2011-06-05,7,2011-05-13,0,23
6483,6289,2011-06-15,7,2011-05-13,0,33
6489,6488,2011-09-28,0,2011-09-15,7,13
6490,6488,2011-09-28,0,2011-09-15,7,13
6500,6499,2011-09-15,0,2011-09-05,7,10
6501,6499,2011-09-18,0,2011-09-05,7,13
6511,6504,2011-07-15,28,2011-07-05,7,10
6515,6516,2011-09-05,7,2011-08-09,0,27
6522,6521,2011-06-17,0,2011-06-05,7,12
6523,6522,2011-06-21,0,2011-06-17,0,4
6528,6527,2011-08-25,7,2011-08-09,0,16
6530,6529,2011-09-25,7,2011-09-13,0,12
6531,6529,2011-09-25,7,2011-09-13,0,12
6544,6543,2011-07-01,0,2011-06-22,0,9
6559,6557,2011-11-15,7,2011-10-15,7,31
6560,6557,2011-11-15,7,2011-10-15,7,31
6562,6561,2011-07-15,7,2011-06-15,7,30
6563,6561,2011-07-15,7,2011-06-15,7,30
6564,6561,2011-07-15,7,2011-06-15,7,30
6571,6570,2011-09-05,7,2011-08-23,0,13
6573,6572,2010-10-25,7,2010-10-15,7,10
6574,6572,2010-10-25,7,2010-10-15,7,10
6576,6575,2011-07-30,0,2011-07-15,7,15
6577,6575,2011-07-25,7,2011-07-15,7,10
6579,6578,2011-09-25,7,2011-08-15,7,41
6580,6578,2011-09-25,7,2011-08-15,7,41
6628,6619,2011-10-17,0,2011-09-18,0,29
6642,6619,2011-10-05,7,2011-09-18,0,17
6647,5718,2011-06-18,0,2011-04-17,0,62
6748,6747,2011-12-05,0,2011-10-05,7,61
6759,6758,2011-11-28,0,2011-11-18,0,10
6760,6761,2011-12-21,0,2011-08-15,7,128
6762,6761,2011-08-25,7,2011-08-15,7,10
6766,6771,2012-01-18,0,2011-10-05,7,105
6773,6772,2012-01-23,0,2011-12-15,7,39
6790,6789,2012-01-14,0,2011-09-15,28,121
6795,6794,2012-01-26,0,2011-12-25,7,32
6803,6802,2012-01-28,0,2011-12-28,0,31
6806,6805,2012-01-24,0,2011-12-28,0,27
6833,6827,2011-12-25,7,2011-12-22,0,3
6867,6866,2011-10-15,7,2011-09-13,0,32
6877,6876,2012-02-28,0,2012-01-18,0,41
6880,6876,2012-02-27,0,2012-01-18,0,40
6888,6883,2011-08-05,7,2011-07-25,0,11
6889,6883,2011-07-25,7,2011-07-25,0,0.5
6893,6883,2011-08-05,7,2011-07-25,0,11
6902,6883,2012-03-01,0,2011-07-25,0,220
6914,6917,2012-02-15,7,2012-01-25,7,21
6917,6915,2012-01-25,7,2012-01-15,7,10
6920,6919,2012-01-25,7,2012-01-15,7,10
6921,6919,2012-02-05,7,2012-01-15,7,21
6924,6923,2011-09-05,7,2011-08-05,7,31
6934,6926,2012-02-25,7,2012-02-18,0,7
6935,6926,2012-02-25,7,2012-02-18,0,7
6954,6955,2011-11-15,7,2011-11-05,7,10
6956,6955,2011-11-15,7,2011-11-05,7,10
6965,6959,2012-01-09,0,2012-01-02,0,7
7013,6773,2012-02-25,0,2012-01-23,0,33
7015,6773,2012-03-08,0,2012-01-23,0,45
7018,6773,2012-01-30,7,2012-01-23,0,7
7019,6773,2012-01-30,7,2012-01-23,0,7
7020,6773,2012-01-25,7,2012-01-23,0,2
7021,6773,2012-01-25,7,2012-01-23,0,2
7022,6773,2012-01-25,7,2012-01-23,0,2
7023,6773,2012-01-30,7,2012-01-23,0,7
7075,7074,2012-02-15,28,2011-06-15,7,245
7077,7074,2011-07-15,7,2011-06-15,7,30
7099,7100,2011-09-25,7,2011-06-19,0,98
7173,7171,2012-04-25,7,2012-04-14,0,11
7182,7146,2012-03-15,7,2012-03-02,0,13
7183,7146,2012-03-15,7,2012-03-02,0,13
7184,7146,2012-03-15,7,2012-03-02,0,13
7357,7356,2010-10-15,7,2010-09-26,0,19
7358,7356,2010-10-15,7,2010-09-26,0,19
7420,7417,2012-06-25,7,2012-06-05,7,20
9144,7423,2012-05-15,7,2012-03-15,7,61
7470,7471,2012-06-22,0,2012-06-05,7,17
7538,7534,2012-04-15,7,2012-04-08,0,7
7545,7542,2012-08-01,0,2012-07-19,0,13
7590,7597,2012-07-25,7,2012-07-15,7,10
7591,7597,2012-07-25,7,2012-07-15,7,10
7637,7636,2012-08-10,0,2012-07-15,7,26
7712,7711,2012-09-02,0,2012-08-15,7,18
7713,7732,2012-09-27,0,2012-09-05,7,22
7716,7713,2012-09-29,0,2012-09-27,0,2
7763,7760,2012-07-24,0,2012-04-20,0,95
7777,7776,2011-10-25,7,2011-10-05,7,20
7778,7776,2011-11-05,7,2011-10-05,7,31
7779,7776,2011-11-25,7,2011-10-05,7,51
7780,7776,2011-10-25,7,2011-10-05,7,20
7782,7776,2011-10-25,7,2011-10-05,7,20
7783,7776,2011-11-05,7,2011-10-05,7,31
7784,7776,2011-10-25,7,2011-10-05,7,20
7786,7776,2011-10-15,7,2011-10-05,7,10
7788,7776,2011-11-05,7,2011-10-05,7,31
7791,7803,2012-10-13,0,2012-09-15,7,28
7810,7809,2012-10-16,0,2012-10-05,7,11
7840,7839,2011-09-25,7,2011-09-05,7,20
7848,7847,2012-03-25,7,2012-02-18,0,36
7849,7847,2012-03-25,7,2012-02-18,0,36
7851,7849,2012-04-15,7,2012-03-25,7,21
7873,7872,2012-08-26,0,2012-08-18,0,8
7876,7875,2009-08-15,28,2009-07-15,28,31
7895,7892,2012-08-15,28,2012-07-15,28,31
7897,7896,2012-05-15,28,2012-04-15,28,30
7898,7896,2012-05-15,28,2012-04-15,28,30
7917,7916,2013-04-13,0,2013-03-25,7,19
7932,7931,2012-06-25,7,2012-06-25,7,0.5
7942,7946,2011-12-15,7,2011-11-25,7,20
7943,7946,2011-12-15,7,2011-11-25,7,20
7944,7946,2011-12-15,7,2011-11-25,7,20
7945,7946,2011-12-15,7,2011-11-25,7,20
7947,7946,2012-01-15,7,2011-11-25,7,51
7948,7947,2012-03-05,7,2012-01-15,7,50
7952,7950,2012-08-05,7,2012-07-25,7,11
7964,7963,2012-05-25,7,2012-05-15,7,10
7965,7963,2012-05-25,7,2012-05-15,7,10
7966,7968,2011-06-30,0,2011-04-18,0,73
7966,7969,2011-06-30,0,2011-04-25,0,66
7967,7968,2011-06-30,0,2011-04-18,0,73
7967,7969,2011-06-30,0,2011-04-25,0,66
7968,7973,2011-04-18,0,2011-02-15,7,62
7978,7977,2012-11-01,0,2012-09-25,7,37
7983,7982,2013-04-05,7,2013-03-19,0,17
8000,7999,2013-02-20,0,2013-02-05,7,15
8014,7902,2013-04-28,0,2013-01-06,0,112
8029,7902,2013-01-15,7,2013-01-06,0,9
8041,8034,2013-01-20,0,2013-01-06,0,14
8078,8056,2013-05-08,0,2013-05-04,0,4
8086,8056,2013-05-26,0,2013-05-04,0,22
8102,8101,2013-05-05,7,2013-04-25,7,10
8107,8106,2013-05-05,7,2013-04-25,7,10
8108,8106,2013-05-05,7,2013-04-25,7,10
8109,8105,2013-01-05,7,2012-12-25,7,11
8112,8111,2013-04-15,7,2013-04-07,0,8
8113,8111,2013-04-15,7,2013-04-07,0,8
8119,8116,2012-12-25,7,2012-12-16,0,9
8122,8116,2013-01-05,7,2012-12-16,0,20
8160,8128,2012-09-15,7,2012-09-09,0,6
8201,8200,2013-07-15,0,2013-06-15,7,30
8216,8215,2013-08-07,0,2013-07-28,0,10
8220,8223,2013-07-04,0,2013-06-15,7,19
8226,8220,2013-07-15,7,2013-07-04,0,11
8266,8256,2013-05-16,0,2013-02-20,0,85
8268,8256,2013-03-25,7,2013-02-20,0,33
8269,8256,2013-03-25,7,2013-02-20,0,33
8279,8276,2012-10-05,7,2012-09-27,0,8
8280,8276,2012-10-25,7,2012-09-27,0,28
8281,8276,2012-10-25,7,2012-09-27,0,28
8292,8291,2012-11-25,7,2012-11-06,0,19
8295,8276,2012-10-15,7,2012-09-27,0,18
8296,8276,2012-10-25,7,2012-09-27,0,28
8297,8276,2012-10-25,7,2012-09-27,0,28
8308,8307,2011-07-15,7,2011-06-25,0,20
8309,8307,2011-07-25,7,2011-06-25,0,30
8313,8312,2013-07-26,0,2013-05-27,0,60
8427,8410,2012-08-15,7,2012-07-17,0,29
8450,8445,2012-01-08,0,2011-12-26,0,13
8459,8451,2013-05-01,7,2013-02-20,0,70
8459,8461,2013-05-01,7,2013-04-17,0,14
8461,8460,2013-04-17,0,2013-02-28,0,48
8481,8480,2011-11-22,0,2011-09-18,0,65
8485,8484,2012-01-15,7,2011-12-30,0,16
8488,8487,2012-08-05,7,2012-07-15,0,21
8532,8528,2012-11-15,28,2012-11-06,0,9
8533,8528,2012-11-15,28,2012-11-06,0,9
8542,8546,2013-09-06,0,2013-08-22,0,15
8689,7971,2012-11-15,7,2012-10-25,7,21
8700,8698,2013-11-06,0,2013-10-07,0,30
8756,8751,2013-05-14,0,2013-04-14,0,30
8761,8758,2013-04-22,0,2013-03-27,0,26
8762,8758,2013-07-30,0,2013-03-27,0,125
8776,8771,2014-04-27,0,2014-03-22,0,36
8825,8824,2014-05-08,0,2014-03-08,0,61
8826,8818,2014-03-08,0,2014-02-28,0,8
8865,8864,2013-12-17,0,2013-11-25,7,22
8938,8937,2014-04-25,0,2014-04-16,0,9
8941,8938,2014-04-29,0,2014-04-25,0,4
8945,8944,2014-04-27,0,2014-04-11,0,16
8954,8953,2013-12-15,28,2013-12-05,7,10
8958,8957,2014-04-28,0,2014-04-07,0,21
8960,8959,2014-05-01,0,2014-04-04,0,27
8961,8959,2014-05-04,0,2014-04-04,0,30
8987,8978,2014-05-04,0,2014-04-19,0,15
9018,9002,2014-07-05,0,2014-06-10,0,25
9023,9022,2014-04-20,0,2014-04-13,0,7
9091,9088,2013-08-14,0,2013-08-07,0,7
9111,9110,2013-10-23,0,2013-10-11,0,12
9130,9121,2013-11-12,0,2013-10-26,0,17
9165,9167,2012-08-10,0,2012-08-07,0,3
9166,9167,2012-08-14,0,2012-08-07,0,7
9173,9169,2013-08-01,0,2012-12-28,0,216
9175,9174,2012-03-15,0,2012-02-15,0,29
9176,9174,2012-03-07,0,2012-02-15,0,21
9184,9183,2013-04-03,0,2013-03-27,0,7
9185,9183,2013-04-10,0,2013-03-27,0,14
9349,9347,2013-12-22,0,2013-12-08,0,14
9350,9349,2014-01-05,0,2013-12-22,0,14
9351,9349,2014-01-05,0,2013-12-22,0,14
9365,9360,2014-04-27,0,2014-03-23,0,35
9424,9423,2014-10-06,0,2014-05-19,7,140
9428,9424,2014-10-11,0,2014-10-06,0,5
9430,9428,2014-10-27,0,2014-10-11,0,16
9442,9451,2014-10-18,0,2014-10-10,0,8
9451,9450,2014-10-10,0,2014-09-08,0,32
9455,9451,2014-10-17,0,2014-10-10,0,7
9456,9451,2014-11-06,0,2014-10-10,0,27
9575,9574,2014-10-09,0,2014-09-24,0,15
9577,9576,2014-09-17,0,2014-09-03,0,14
9578,9577,2014-09-25,0,2014-09-17,0,8
9580,9579,2014-10-25,0,2014-08-16,0,70
9583,9580,2014-11-06,0,2014-10-25,0,12
9662,9558,2014-10-30,0,2014-10-22,0,8
9710,9709,2015-01-15,0,2015-01-09,0,6
9711,9709,2015-01-25,0,2015-01-09,0,16
9722,9721,2015-01-06,0,2015-01-01,0,5
9729,9728,2015-01-26,0,2015-01-15,0,11
9733,9732,2015-01-25,0,2015-01-18,0,7
9735,10063,2015-02-23,0,2014-11-26,0,89
9738,9737,2015-01-01,0,2014-12-07,0,25
9742,9741,2015-01-11,0,2015-01-04,0,7
9745,9741,2015-01-11,0,2015-01-04,0,7
9750,9741,2015-01-11,0,2015-01-04,0,7
9810,9803,2014-11-10,0,2014-08-14,0,88
9815,9803,2014-08-18,0,2014-08-14,0,4
1000,889,2004-08-28,0,2004-08-06,0,22
1002,1001,2004-06-02,0,2004-05-18,0,15
1008,1007,2004-07-25,7,2004-07-05,7,20
1009,1007,2004-07-25,7,2004-07-05,7,20
1011,1007,2004-07-25,7,2004-07-05,7,20
1012,1007,2004-07-25,7,2004-07-05,7,20
1013,1011,2004-08-05,7,2004-07-25,7,11
1036,1038,2003-07-15,28,2003-06-15,28,30
1037,1038,2003-07-15,28,2003-06-15,28,30
105,157,2003-07-26,0,2003-07-06,0,20
1067,1066,2003-03-15,7,2003-03-03,0,12
1082,1081,2003-09-08,0,2003-03-15,28,177
1088,1082,2003-09-25,7,2003-09-08,0,17
1096,1097,2003-10-25,0,2003-10-10,0,15
1104,1105,2003-11-16,0,2003-11-05,7,11
1122,1121,2003-11-05,7,2003-10-05,7,31
1124,1125,2003-05-15,7,2003-05-05,7,10
1138,1153,2004-01-13,0,2003-11-25,7,49
1153,1154,2003-11-25,7,2003-11-05,7,20
1159,457,2004-01-25,7,2004-01-14,0,11
1160,218,2004-01-15,28,2003-08-28,0,140
1181,1178,2003-10-25,7,2003-10-05,7,20
1182,1181,2004-02-14,0,2003-10-25,7,112
1187,1186,2003-11-08,7,2003-11-05,7,3
1189,1187,2003-11-17,0,2003-11-08,7,9
1192,1194,2004-02-05,0,2004-01-07,0,29
1193,1194,2004-02-07,0,2004-01-07,0,31
1197,502,2004-02-10,0,2004-01-15,7,26
1198,502,2004-02-05,7,2004-01-15,7,21
1200,502,2004-01-25,7,2004-01-15,7,10
1207,1209,2004-01-29,0,2004-01-05,7,24
1213,1216,2003-12-25,7,2003-11-25,7,30
1214,1216,2003-12-25,7,2003-11-25,7,30
1215,1216,2003-12-25,7,2003-11-25,7,30
1217,1219,2004-02-05,7,2004-01-05,7,31
1220,238,2004-01-10,0,2003-09-03,0,129
1245,1246,2004-03-31,0,2004-03-16,0,15
1251,1252,2004-04-01,0,2004-03-16,0,16
1253,1254,2004-04-22,0,2003-11-25,7,149
1267,1266,2003-12-25,7,2003-12-15,7,10
129,128,2003-07-15,7,2003-06-28,0,17
1290,1287,2004-05-22,0,2004-05-08,0,14
1296,358,2003-12-15,7,2003-11-10,0,35
1354,1353,2004-06-10,0,2004-05-05,7,36
1357,1356,2004-06-05,7,2004-04-02,0,64
1362,1364,2004-03-09,0,2004-02-25,0,13
1368,1367,2004-05-15,7,2004-04-15,7,30
1372,1367,2004-06-10,0,2004-04-15,7,56
1372,1368,2004-06-10,0,2004-05-15,7,26
1381,1383,2004-04-25,7,2004-04-05,7,20
1382,1383,2004-07-26,0,2004-04-05,7,112
1393,1392,2004-04-05,7,2004-03-25,7,11
1430,1429,2003-12-10,0,2003-12-06,0,4
1447,514,2004-05-20,0,2004-03-15,0,66
1458,1457,2004-12-05,7,2004-11-20,0,15
1459,1458,2004-12-22,0,2004-12-05,7,17
1461,1460,2004-10-25,7,2004-10-16,0,9
1462,1460,2004-10-25,7,2004-10-16,0,9
1473,962,2004-11-16,0,2004-02-08,0,282
1474,962,2004-09-15,7,2004-02-08,0,220
1475,1000,2004-09-30,0,2004-08-28,0,33
1485,1484,2004-05-15,28,2004-04-15,28,30
1486,1485,2004-06-15,28,2004-05-15,28,31
1489,1488,2004-10-24,0,2004-09-05,7,49
1494,1493,2004-07-25,7,2004-06-15,7,40
1495,1493,2004-07-15,7,2004-06-15,7,30
1498,1497,2004-05-15,7,2004-04-15,28,30
15,10,2003-06-18,0,2003-04-08,0,71
1500,1499,2004-10-25,7,2004-09-28,0,27
1502,1501,2004-09-25,0,2004-08-25,7,31
1506,1505,2005-01-17,0,2005-01-08,0,9
1507,889,2004-10-03,0,2004-08-06,0,58
151,105,2003-07-28,0,2003-07-26,0,2
1552,1551,2005-01-05,0,2004-12-23,0,13
1560,1559,2004-09-06,0,2004-08-25,7,12
1564,1566,2004-10-25,0,2004-09-15,28,40
157,10,2003-07-06,0,2003-04-08,0,89
1571,1573,2005-01-15,7,2004-10-05,7,102
1579,1580,2004-10-03,0,2004-09-24,0,9
1581,1580,2004-10-06,0,2004-09-24,0,12
1582,1579,2004-10-15,7,2004-10-03,0,12
1591,1592,2005-01-15,28,2004-10-25,7,82
1591,1593,2005-01-15,28,2004-11-05,7,71
1597,1599,2004-10-25,7,2004-10-11,0,14
1598,1597,2004-11-05,7,2004-10-25,7,11
1598,1599,2004-11-05,7,2004-10-11,0,25
1609,1606,2004-11-05,7,2004-10-25,0,11
1624,1623,2004-04-15,28,2004-03-15,28,31
1628,1627,2004-11-15,28,2004-10-15,28,31
1635,1039,2004-09-15,7,2004-09-12,0,3
164,105,2003-08-18,0,2003-07-26,0,23
165,157,2003-08-09,0,2003-07-06,0,34
1705,1704,2004-07-05,7,2004-06-25,7,10
1707,1706,2005-01-05,7,2004-12-25,7,11
171,172,2003-07-22,0,2003-07-16,0,6
1730,1754,2004-11-22,0,2004-11-15,7,7
174,17,2003-01-04,0,2002-12-27,0,8
176,10,2003-08-20,0,2003-04-08,0,134
1797,1796,2005-08-15,0,2005-07-25,0,21
18,10,2003-06-05,7,2003-04-08,0,58
1800,1799,2005-06-15,28,2005-05-15,0,31
1801,1799,2005-06-15,28,2005-05-15,0,31
1807,1895,2005-09-15,0,2005-08-18,0,28
1808,1809,2005-08-21,0,2005-07-10,0,42
1813,1812,2005-08-25,7,2005-08-18,0,7
1819,1809,2005-07-15,7,2005-07-10,0,5
1859,1867,2005-05-05,7,2005-04-15,7,20
1867,1876,2005-04-15,7,2005-02-15,28,59
1868,1859,2005-05-14,0,2005-05-05,7,9
1871,1876,2005-03-15,28,2005-02-15,28,28
1872,1876,2005-03-15,28,2005-02-15,28,28
1873,1876,2005-03-15,28,2005-02-15,28,28
188,191,2003-02-15,7,2003-02-02,0,13
1887,1886,2005-07-05,7,2005-06-15,7,20
1896,1897,2005-07-19,0,2005-05-25,0,55
19,1,2003-06-25,7,2003-05-30,0,26
1907,1906,2005-04-06,0,2005-02-05,7,60
1912,1909,2005-03-25,7,2005-03-15,7,10
1923,1924,2004-05-25,7,2004-04-25,7,30
197,196,2003-02-15,28,2003-01-26,0,20
198,196,2003-02-15,28,2003-01-26,0,20
199,196,2003-02-15,28,2003-01-26,0,20
1996,1999,2005-09-07,0,2005-08-10,0,28
1999,1995,2005-08-10,0,2005-08-07,0,3
2,1,2003-06-02,0,2003-05-30,0,3
2000,1995,2005-08-10,0,2005-08-07,0,3
2004,2005,2005-09-21,0,2005-08-05,7,47
2029,2030,2005-09-12,0,2005-08-25,7,18
2033,2035,2004-09-12,0,2004-08-15,7,28
2064,3255,2005-10-04,0,2005-09-25,7,9
207,208,2003-02-15,7,2003-02-05,7,10
2074,1171,2003-08-15,7,2003-07-30,0,16
2090,2087,2005-04-06,0,2005-03-12,0,25
2113,2114,2005-10-19,0,2005-09-05,7,44
2118,2179,2005-09-25,7,2005-08-05,7,51
2147,2148,2004-06-16,0,2004-06-10,0,6
2155,2156,2005-12-14,0,2005-11-05,7,39
2157,2156,2005-12-15,7,2005-11-05,7,40
2159,2156,2005-12-15,7,2005-11-05,7,40
2164,2166,2005-02-08,0,2005-01-25,7,14
2170,1886,2005-06-25,7,2005-06-15,7,10
2171,1886,2005-06-25,7,2005-06-15,7,10
2174,2176,2002-10-09,0,2002-10-07,0,2
2176,2175,2002-10-07,0,2002-09-15,28,22
2178,2118,2005-12-12,0,2005-09-25,7,78
218,219,2003-08-28,0,2003-08-15,7,13
221,223,2003-08-31,0,2003-08-08,7,23
2230,2229,2004-11-15,7,2004-11-08,0,7
2231,2232,2005-10-15,7,2005-09-18,0,27
2234,2233,2005-09-24,0,2005-09-05,7,19
2235,2233,2005-09-15,7,2005-09-05,7,10
2236,2237,2004-05-15,28,2004-04-15,28,30
2241,2242,2003-08-15,28,2003-08-15,28,0.5
2245,2246,2005-08-15,0,2005-08-05,7,10
2265,262,2003-12-15,7,2003-11-30,0,15
2266,722,2003-12-25,7,2003-12-25,0,0.5
2276,2275,2005-07-05,7,2005-06-05,7,30
2278,2275,2005-12-15,28,2005-06-05,7,193
230,231,2002-01-15,7,2002-01-07,0,8
2344,2343,2006-03-01,0,2006-02-01,0,28
235,238,2003-11-23,0,2003-09-03,0,81
2359,2363,2005-07-15,7,2005-07-05,7,10
2381,2376,2006-04-11,0,2006-04-06,0,5
2382,2376,2006-04-13,0,2006-04-06,0,7
2388,2383,2006-03-16,0,2006-03-16,0,0.5
240,238,2003-11-01,0,2003-09-03,0,59
2407,2383,2006-05-27,0,2006-03-16,0,72
242,241,2003-11-28,0,2003-11-01,0,27
2427,2421,2006-06-15,28,2006-06-01,0,14
2435,2434,2006-05-15,28,2006-04-14,0,31
2451,2450,2006-04-15,28,2006-03-15,28,31
2452,2450,2006-04-15,28,2006-03-15,28,31
2453,2450,2006-03-15,28,2006-03-15,28,0.5
2459,2456,2006-07-05,7,2006-06-29,0,6
2466,2465,2006-02-05,7,2006-01-15,7,21
2467,2465,2006-02-15,7,2006-01-15,7,31
2483,2482,2006-06-29,0,2006-06-16,0,13
249,241,2003-11-29,0,2003-11-01,0,28
2524,2523,2006-07-15,28,2006-05-15,7,61
2531,2530,2006-01-15,28,2005-12-15,28,31
2535,2534,2006-11-15,7,2006-11-05,7,10
254,262,2003-12-19,0,2003-11-30,0,19
2558,2555,2007-01-05,7,2006-12-05,0,31
2566,2565,2006-10-05,7,2006-09-15,28,20
2567,2566,2006-11-14,0,2006-10-05,7,40
2568,2569,2006-03-15,28,2006-02-01,14,42
257,262,2003-12-15,7,2003-11-30,0,15
2599,962,2004-09-05,7,2004-02-08,0,210
260,262,2003-12-19,0,2003-11-30,0,19
2600,2230,2004-11-25,7,2004-11-15,7,10
2616,2577,2007-02-10,0,2007-01-25,7,16
2619,2618,2007-05-06,0,2007-05-03,0,3
2624,2657,2007-05-21,0,2007-05-10,0,11
2629,2625,2007-05-31,0,2007-05-03,0,28
2639,2640,2007-01-17,0,2007-01-05,7,12
2648,2647,2007-03-15,7,2007-02-24,0,19
2654,2653,2007-06-21,0,2007-06-02,0,19
2672,2673,2006-10-19,0,2005-10-15,28,369
2680,2682,2007-06-22,0,2007-06-08,0,14
2682,2683,2007-06-08,0,2007-05-23,0,16
269,262,2003-12-27,0,2003-11-30,0,27
2715,2716,2006-03-09,0,2006-03-05,7,4
2718,2717,2007-01-03,0,2006-10-15,28,80
272,270,2003-12-07,0,2003-11-21,0,16
2730,2728,2007-01-25,7,2007-01-06,0,19
2734,2733,2007-02-05,0,2007-01-10,0,26
2741,2736,2007-01-31,0,2007-01-15,7,16
2752,2742,2007-01-15,7,2007-01-06,0,9
2753,2742,2007-01-09,0,2007-01-06,0,3
2761,2760,2007-01-25,7,2007-01-22,0,3
2763,2742,2007-01-14,0,2007-01-06,0,8
2771,2742,2007-01-15,7,2007-01-06,0,9
2774,2742,2007-01-15,7,2007-01-06,0,9
2781,2776,2007-01-25,7,2007-01-15,0,10
2791,2572,2006-12-25,7,2006-12-16,0,9
2793,2787,2006-11-25,7,2006-11-15,0,10
2799,2801,2007-01-25,7,2007-01-15,0,10
2805,2804,2005-11-05,7,2005-10-17,0,19
2806,2804,2005-11-05,7,2005-10-17,0,19
2807,2804,2005-11-05,7,2005-10-17,0,19
2811,2810,2007-06-14,0,2007-06-03,0,11
2834,2833,2007-05-25,7,2007-05-05,7,20
2835,2833,2007-05-15,7,2007-05-05,7,10
2837,2839,2007-05-14,0,2007-05-10,7,4
3126,2837,2007-05-25,7,2007-05-14,0,11
2846,2849,2006-05-25,7,2006-03-15,28,71
2851,2850,2006-09-15,7,2006-09-05,7,10
2852,2850,2006-09-15,7,2006-09-05,7,10
2868,2867,2004-02-15,28,2004-01-15,28,31
2870,2869,2007-06-15,0,2007-01-15,28,151
2882,2881,2007-05-15,28,2007-01-25,7,110
2883,2881,2007-05-15,28,2007-01-25,7,110
2903,2902,2007-06-25,7,2007-05-19,0,37
2927,2928,2007-07-25,7,2007-06-26,0,29
2933,2928,2007-07-25,7,2007-06-26,0,29
2936,2928,2007-07-25,7,2007-06-26,0,29
2937,2928,2007-07-15,7,2007-06-26,0,19
2938,2928,2007-07-15,7,2007-06-26,0,19
2948,2947,2007-09-15,0,2007-09-06,0,9
2948,2941,2007-09-15,0,2007-08-25,7,21
2953,2941,2007-09-25,7,2007-08-25,7,31
2967,2961,2007-08-25,7,2007-05-25,7,92
2993,2992,2007-11-22,0,2007-09-13,0,70
2999,2998,2007-06-25,7,2007-06-15,7,10
3,1,2003-06-10,0,2003-05-30,0,11
3000,2998,2007-06-25,7,2007-06-15,7,10
3004,3005,2007-07-15,7,2007-07-02,0,13
3038,3037,2006-09-15,28,2006-09-15,28,0.5
3073,3072,2007-07-15,7,2007-07-05,7,10
2003075,3073,2007-08-05,7,2007-07-15,7,21
1003075,3072,2007-08-05,7,2007-07-05,7,31
3077,1003075,2007-09-05,7,2007-08-05,7,31
3078,1003075,2007-09-05,7,2007-08-05,7,31
3079,3078,2007-09-15,7,2007-09-05,7,10
3091,3070,2007-11-25,7,2007-10-31,0,25
3093,3116,2007-12-27,0,2007-09-25,7,93
3114,3093,2008-01-18,0,2007-12-27,0,22
3115,3093,2008-01-18,0,2007-12-27,0,22
3128,3120,2007-07-15,7,2007-06-23,0,22
3138,2837,2007-05-25,7,2007-05-14,0,11
3160,3159,2007-05-15,28,2007-03-15,28,61
3161,3159,2007-05-15,28,2007-03-15,28,61
3162,3159,2007-05-15,28,2007-03-15,28,61
317,241,2003-12-08,0,2003-11-01,0,37
3180,3181,2006-01-13,0,2006-01-08,0,5
3184,3185,2005-11-18,0,2005-10-19,0,30
3186,3187,2004-07-25,7,2004-07-20,0,5
3191,3190,2007-07-25,7,2007-06-25,7,30
3209,3210,2007-07-28,0,2007-07-25,7,3
3217,2639,2007-01-25,7,2007-01-17,0,8
3218,2639,2007-01-25,7,2007-01-17,0,8
3219,2639,2007-01-25,7,2007-01-17,0,8
3220,2639,2007-01-25,7,2007-01-17,0,8
3224,2928,2008-01-05,7,2007-06-26,0,193
3225,2928,2007-07-05,7,2007-06-26,0,9
3226,2928,2007-07-05,7,2007-06-26,0,9
3227,2928,2007-07-05,7,2007-06-26,0,9
3228,2928,2007-07-05,7,2007-06-26,0,9
323,317,2003-12-15,0,2003-12-08,0,7
3235,3234,2007-09-25,7,2007-09-05,7,20
3238,2837,2007-05-25,7,2007-05-14,0,11
3239,2837,2007-05-25,7,2007-05-14,0,11
3247,3246,2007-02-25,7,2007-02-05,7,20
339,338,2003-09-25,7,2003-09-15,7,10
3450,3449,2007-02-05,7,2007-01-01,0,35
3451,3449,2007-02-05,7,2007-01-01,0,35
3452,3197,2006-12-05,7,2006-11-25,7,10
3453,3197,2006-12-05,7,2006-11-25,7,10
3454,3197,2006-12-05,7,2006-11-25,7,10
3455,3197,2006-12-05,7,2006-11-25,7,10
3456,3197,2006-12-05,7,2006-11-25,7,10
3460,3242,2008-01-25,7,2008-01-19,0,6
3466,3465,2007-04-05,7,2007-03-25,7,11
347,348,2003-11-05,7,2003-10-25,7,11
3476,3475,2007-10-08,0,2007-03-08,0,214
3485,3488,2006-12-24,0,2006-12-15,7,9
3486,3485,2006-12-30,0,2006-12-24,0,6
3487,3485,2006-12-30,0,2006-12-24,0,6
3488,3489,2006-12-15,7,2006-12-15,7,0.5
3489,3490,2006-12-15,7,2006-12-05,7,10
349,347,2003-11-25,7,2003-11-05,7,20
3507,3506,2007-08-25,7,2007-08-23,0,2
3515,3508,2007-08-25,7,2007-08-23,0,2
3516,3508,2007-09-25,7,2007-08-23,0,33
352,354,2003-12-12,0,2003-11-28,0,14
3523,3524,2008-02-15,28,2007-09-25,7,143
3524,3508,2007-09-25,7,2007-08-23,0,33
3526,3508,2007-09-16,0,2007-08-23,0,24
3527,3508,2007-10-06,0,2007-08-23,0,44
3528,3508,2008-02-29,0,2007-08-23,0,190
3529,3527,2007-10-09,0,2007-10-06,0,3
353,354,2003-12-12,0,2003-11-28,0,14
3530,3508,2007-09-15,7,2007-08-23,0,23
3531,3508,2007-11-28,0,2007-08-23,0,97
3532,3508,2007-11-25,7,2007-08-23,0,94
3537,3536,2007-12-25,7,2007-11-05,7,50
3539,3541,2008-03-05,0,2008-02-21,0,13
3541,3542,2008-02-21,0,2008-02-17,0,4
3548,3547,2007-04-25,7,2007-04-15,7,10
3550,3508,2007-09-05,7,2007-08-23,0,13
3551,3508,2007-09-25,7,2007-08-23,0,33
3574,3573,2008-01-15,7,2008-01-03,0,12
358,1298,2003-11-10,0,2003-10-05,7,36
3589,1556,2003-12-25,7,2003-12-20,0,5
3591,3590,2007-07-05,7,2007-06-25,7,10
3598,3508,2007-08-25,7,2007-08-23,0,2
360,361,2003-11-12,0,2003-10-15,28,28
3622,3932,2008-08-27,0,2008-08-13,0,14
3623,3624,2008-04-05,0,2008-03-25,7,11
365,366,2003-12-07,0,2003-10-15,7,53
371,372,2003-11-15,7,2003-05-15,7,184
3722,3780,2008-07-31,0,2008-06-20,7,41
3787,3783,2008-08-04,0,2008-08-03,0,1
381,380,2003-11-25,7,2003-11-15,7,10
3828,3782,2008-09-28,0,2008-07-25,7,65
3830,3829,2008-05-25,7,2008-05-15,0,10
384,380,2003-11-25,7,2003-11-15,7,10
385,380,2003-11-25,7,2003-11-15,7,10
3856,3857,2008-11-13,0,2008-10-21,0,23
3858,3857,2008-11-28,0,2008-10-21,0,38
3862,3857,2008-11-14,0,2008-10-21,0,24
3863,3857,2008-11-05,7,2008-10-21,0,15
388,380,2003-12-15,28,2003-11-15,7,30
3884,3885,2008-12-11,0,2008-11-09,0,32
3890,3891,2008-04-15,7,2008-04-05,7,10
3908,3842,2009-01-09,0,2008-12-04,0,36
3909,3842,2009-01-03,0,2008-12-04,0,30
3932,3623,2008-08-13,0,2008-04-05,0,130
3933,3932,2008-09-05,0,2008-08-13,0,23
3944,3943,2005-06-25,7,2005-06-15,7,10
3977,3976,2009-03-08,0,2009-03-04,0,4
3978,3976,2009-03-07,0,2009-03-04,0,3
4,1,2003-06-02,0,2003-05-30,0,3
400,401,2003-08-30,0,2003-08-15,28,15
4018,4017,2008-05-25,7,2008-05-05,7,20
4031,4030,2007-11-25,7,2007-11-22,0,3
4033,4030,2007-11-25,7,2007-11-22,0,3
4034,4030,2007-11-25,7,2007-11-22,0,3
4045,4043,2005-06-25,7,2005-06-05,7,20
4046,4045,2005-06-25,7,2005-06-25,7,0.5
4047,4045,2005-07-05,7,2005-06-25,7,10
4054,4055,2007-01-15,28,2007-01-15,28,0.5
4058,4045,2005-07-05,7,2005-06-25,7,10
4066,4064,2009-05-15,7,2009-04-15,7,30
4067,4064,2009-05-15,7,2009-04-15,7,30
4071,4047,2005-07-25,7,2005-07-05,7,20
4072,4047,2005-07-25,7,2005-07-05,7,20
4080,4079,2007-10-25,7,2007-10-15,7,10
4081,4079,2007-10-25,7,2007-10-15,7,10
4082,4079,2007-10-25,7,2007-10-15,7,10
4085,4086,2009-02-11,0,2009-01-25,7,17
4090,4091,2006-09-15,28,2006-08-15,28,31
4092,4093,2008-12-15,7,2008-11-25,7,20
4117,4118,2009-11-17,0,2009-11-05,7,12
4120,4121,2009-11-03,0,2009-10-05,7,29
4145,4147,2009-12-19,0,2009-11-15,7,34
4161,4159,2010-04-05,7,2010-04-01,0,4
4163,4159,2010-04-05,7,2010-04-01,0,4
4191,4190,2008-12-15,28,2008-12-15,28,0.5
4201,4202,2007-04-07,7,2007-04-05,7,2
4223,4225,2009-11-15,28,2009-10-15,28,31
4224,4225,2009-11-15,28,2009-10-15,28,31
4225,4231,2009-10-15,28,2009-09-12,7,33
4226,4231,2009-10-15,28,2009-09-12,7,33
4227,4231,2009-10-15,28,2009-09-12,7,33
4228,4231,2009-10-15,28,2009-09-12,7,33
4229,4231,2009-10-15,28,2009-09-12,7,33
4230,4231,2009-10-15,28,2009-09-12,7,33
4233,4231,2009-10-18,14,2009-09-12,7,36
4238,4237,2009-02-15,7,2009-01-25,7,21
4239,4238,2009-02-15,7,2009-02-15,7,0.5
4240,4238,2009-02-15,7,2009-02-15,7,0.5
4241,4239,2009-03-15,7,2009-02-15,7,28
4242,4239,2009-03-15,7,2009-02-15,7,28
4246,4239,2009-03-05,7,2009-02-15,7,18
4247,4239,2009-02-25,7,2009-02-15,7,10
4261,4259,2010-05-15,7,2010-04-25,7,20
4262,4259,2010-05-15,7,2010-04-25,7,20
4264,4263,2010-05-15,28,2010-05-15,28,0.5
4266,4263,2010-05-15,28,2010-05-15,28,0.5
4267,4263,2010-05-15,28,2010-05-15,28,0.5
4269,4270,2010-05-10,0,2010-03-15,7,56
4271,4270,2010-05-10,0,2010-03-15,7,56
4287,4288,2010-06-20,0,2010-06-06,7,14
43,42,2003-06-25,7,2003-05-02,0,54
4320,4319,2008-12-05,7,2008-12-05,7,0.5
4329,4330,2008-11-25,7,2008-11-05,7,20
453,455,2003-09-13,0,2003-08-15,7,29
4532,4531,2010-09-06,0,2010-08-05,7,32
4551,4550,2010-10-04,0,2010-09-06,0,28
4559,4550,2010-10-01,0,2010-09-06,0,25
456,457,2004-01-25,7,2004-01-14,0,11
4565,4563,2010-10-03,0,2010-09-05,7,28
4601,4600,2010-09-15,7,2010-09-05,7,10
4609,4607,2010-03-25,7,2010-03-15,7,10
4611,4610,2010-08-25,7,2010-08-05,7,20
4621,4620,2010-09-26,0,2010-09-09,0,17
4637,4636,2010-11-01,0,2010-10-05,7,27
4645,4644,2010-10-22,0,2010-10-11,7,11
4670,4669,2010-07-15,7,2010-07-05,7,10
4671,4669,2010-07-15,7,2010-07-05,7,10
4677,4676,2010-09-25,7,2010-09-16,0,9
4688,4687,2010-12-15,7,2010-11-22,0,23
4695,4694,2010-08-27,0,2010-08-15,7,12
4696,4694,2010-11-05,7,2010-08-15,7,82
4698,4697,2010-11-25,7,2010-08-25,7,92
4699,4697,2010-10-05,7,2010-08-25,7,41
4700,4705,2010-09-02,0,2010-06-15,28,79
471,474,2004-01-04,0,2003-12-28,0,7
4713,4716,2010-09-04,0,2010-08-24,0,11
477,238,2003-11-25,0,2003-09-03,0,83
4797,4796,2010-11-25,7,2010-10-31,7,25
4798,4796,2010-11-05,7,2010-10-31,7,5
4799,4796,2010-11-13,7,2010-10-31,7,13
4809,4819,2010-10-23,0,2010-09-15,7,38
4815,4809,2010-11-15,7,2010-10-23,0,23
4816,4809,2010-11-15,7,2010-10-23,0,23
4822,4823,2010-08-06,0,2010-08-03,7,3
4829,4592,2010-11-05,7,2010-10-18,0,18
4838,4837,2010-11-16,0,2010-09-25,7,52
484,483,2003-09-15,28,2003-08-15,28,31
4846,4841,2010-12-05,7,2010-11-03,0,32
4858,4853,2010-12-05,7,2010-11-22,0,13
486,485,2004-02-04,0,2004-01-25,7,10
4894,4896,2011-01-05,7,2010-12-18,0,18
4895,4896,2011-01-05,7,2010-12-18,0,18
4912,4560,2010-10-23,0,2010-10-18,0,5
4922,4923,2011-01-07,0,2010-12-08,0,30
495,496,2004-02-24,0,2004-01-25,7,30
498,1179,2004-01-28,0,2004-01-14,0,14
504,505,2004-01-05,7,2003-12-25,7,11
509,508,2004-02-25,7,2004-02-15,7,10
5090,5084,2011-02-15,7,2011-01-15,7,31
510,508,2004-03-15,0,2004-02-15,7,29
5132,5134,2011-01-15,7,2010-12-25,7,21
5133,5134,2011-01-15,7,2010-12-25,7,21
514,519,2004-03-15,0,2004-02-15,7,29
5141,5136,2011-01-12,0,2011-01-10,0,2
5149,5148,2010-12-25,7,2010-12-15,7,10
515,517,2004-01-15,28,2003-12-25,0,21
515,516,2004-01-15,28,2003-11-05,7,71
5150,5148,2010-12-25,7,2010-12-15,7,10
5151,5148,2010-12-25,7,2010-12-15,7,10
517,516,2003-12-25,0,2003-11-05,7,50
5170,5171,2010-12-10,0,2010-12-02,0,8
518,517,2004-01-24,0,2003-12-25,0,30
519,517,2004-02-15,7,2003-12-25,0,52
5256,5257,2011-05-11,0,2011-04-19,7,22
526,514,2004-03-15,0,2004-03-15,0,0.5
526,517,2004-03-15,0,2003-12-25,0,81
5266,5267,2011-05-17,0,2011-04-22,0,25
5268,5269,2011-05-01,0,2011-04-26,0,5
5271,5865,2011-05-22,0,2011-04-05,0,47
5275,5276,2011-06-05,0,2011-05-31,0,5
5284,5285,2011-06-17,0,2011-06-05,7,12
5287,5288,2011-03-31,0,2011-03-15,7,16
532,530,2004-01-11,0,2004-01-09,0,2
5321,5320,2011-06-28,0,2011-05-27,0,32
5327,5328,2011-08-12,0,2011-07-23,0,20
5329,5330,2011-07-23,0,2011-07-20,0,3
533,530,2004-03-16,0,2004-01-09,0,67
533,532,2004-03-16,0,2004-01-11,0,65
535,530,2004-03-06,0,2004-01-09,0,57
5360,5361,2011-08-19,0,2011-08-15,7,4
5362,6834,2011-09-02,0,2011-06-26,0,68
5371,5372,2011-09-28,0,2011-09-15,7,13
5384,5385,2011-09-05,7,2011-09-05,7,0.5
5386,5387,2011-10-14,0,2011-09-05,0,39
5391,5392,2011-10-03,0,2011-09-15,7,18
5393,5391,2011-10-29,0,2011-10-03,0,26
5442,5441,2010-12-25,7,2010-12-15,7,10
5443,5441,2010-12-25,7,2010-12-15,7,10
5457,5456,2011-02-25,7,2011-02-05,7,20
5462,5461,2010-12-25,7,2010-11-25,7,30
5483,5478,2011-02-15,7,2011-02-05,0,10
5546,5544,2010-11-25,7,2010-11-15,7,10
5548,5590,2011-01-25,0,2010-11-25,7,61
5550,5548,2011-02-25,7,2011-01-25,0,31
5560,5548,2011-02-25,0,2011-01-25,0,31
5561,5548,2011-02-05,7,2011-01-25,0,11
5584,5548,2011-02-05,7,2011-01-25,0,11
5585,5548,2011-02-05,7,2011-01-25,0,11
5593,5592,2011-03-05,0,2011-02-15,7,18
5595,5594,2011-01-25,7,2011-01-15,7,10
5600,5595,2011-02-05,7,2011-01-25,7,11
5606,5609,2011-03-25,7,2011-03-05,7,20
5617,5623,2010-12-15,7,2010-12-05,7,10
5620,5622,2010-12-15,7,2010-11-05,7,40
5621,5622,2011-03-05,7,2010-11-05,7,120
5625,5624,2011-03-25,7,2011-03-15,7,10
5636,5635,2011-03-25,7,2011-03-15,7,10
5653,5652,2011-03-15,7,2011-02-25,7,18
5654,5652,2011-03-15,7,2011-02-25,7,18
5656,5652,2011-03-25,7,2011-02-25,7,28
5669,5668,2011-05-03,0,2011-03-05,7,59
5678,5677,2011-01-25,7,2011-01-15,7,10
5679,5677,2011-01-25,7,2011-01-15,7,10
5685,5684,2011-04-15,7,2011-04-05,7,10
5716,5718,2011-04-30,0,2011-04-17,0,13
5741,5743,2010-08-05,7,2010-07-25,7,11
5742,5741,2010-08-25,7,2010-08-05,7,20
5744,5743,2010-07-25,7,2010-07-25,7,0.5
5755,5746,2011-03-25,7,2011-03-11,0,14
5767,5763,2010-10-25,7,2010-10-12,0,13
5768,5763,2010-10-25,7,2010-10-12,0,13
5770,5763,2010-10-25,7,2010-10-12,0,13
5772,5771,2011-02-15,7,2011-01-15,7,31
5773,5771,2011-02-15,7,2011-01-15,7,31
5779,5778,2011-01-25,7,2011-01-05,7,20
5781,5780,2011-01-15,7,2011-01-15,7,0.5
5787,5786,2011-01-15,7,2011-01-15,7,0.5
5796,5781,2011-02-05,7,2011-01-15,7,21
58,17,2003-01-04,0,2002-12-27,0,8
5803,5802,2011-05-08,0,2011-05-04,0,4
5805,5804,2011-04-25,7,2011-04-19,0,6
5815,5802,2011-05-08,0,2011-05-04,0,4
5834,5833,2011-04-05,7,2011-03-11,0,25
5841,5668,2011-05-04,0,2011-03-05,7,60
5850,5851,2011-05-09,0,2011-04-15,7,24
5854,5853,2011-05-15,7,2011-05-05,0,10
5869,5865,2011-05-17,0,2011-04-05,0,42
5906,5904,2011-05-25,7,2011-05-20,0,5
5907,5904,2011-05-25,7,2011-05-20,0,5
5923,5921,2011-05-18,0,2011-04-25,7,23
5930,5921,2011-05-05,7,2011-04-25,7,10
5942,5936,2011-01-25,7,2011-01-05,7,20
5944,6088,2011-04-05,7,2011-01-05,0,90
5955,5985,2011-05-19,0,2011-04-15,7,34
5988,6004,2011-05-21,0,2011-05-05,7,16
6013,6004,2011-05-25,7,2011-05-05,7,20
6040,5276,2011-06-04,0,2011-05-31,0,4
6040,6041,2011-06-04,0,2011-05-15,7,20
6059,6058,2011-06-05,0,2011-05-25,7,11
6104,6103,2011-04-25,7,2011-04-05,7,20
6107,6103,2011-04-25,7,2011-04-05,7,20
6109,6103,2011-05-15,7,2011-04-05,7,40
6110,6109,2011-05-25,7,2011-05-15,7,10
6111,6109,2011-05-25,7,2011-05-15,7,10
6112,6109,2011-05-25,7,2011-05-15,7,10
6116,6109,2011-06-05,7,2011-05-15,7,21
6117,6109,2011-06-05,7,2011-05-15,7,21
6118,6109,2011-06-05,7,2011-05-15,7,21
6137,6136,2011-05-23,0,2011-05-16,0,7
6154,6157,2011-03-25,0,2011-03-05,7,20
624,625,2004-04-01,0,2004-03-25,0,7
626,630,2004-02-28,0,2004-02-05,7,23
627,626,2004-03-25,0,2004-02-28,0,26
628,626,2004-03-26,0,2004-02-28,0,27
63,61,2003-07-22,0,2003-07-09,0,13
633,636,2004-06-10,0,2004-06-05,7,5
6421,6419,2011-09-15,28,2011-08-14,0,32
664,665,2004-04-05,7,2004-03-25,7,11
667,666,2004-06-25,7,2004-06-05,7,20
668,666,2004-06-25,7,2004-06-05,7,20
670,669,2004-04-25,7,2004-03-15,28,41
6702,5391,2011-10-29,0,2011-10-03,0,26
6703,5391,2011-11-01,0,2011-10-03,0,29
671,669,2004-04-25,7,2004-03-15,28,41
6728,6726,2011-12-16,0,2011-12-13,0,3
673,665,2004-07-02,0,2004-03-25,7,99
676,665,2004-04-25,7,2004-03-25,7,31
695,519,2004-04-05,7,2004-02-15,7,50
698,498,2004-02-15,7,2004-01-28,0,18
699,498,2004-02-25,7,2004-01-28,0,28
7,3,2003-07-12,0,2003-06-10,0,32
7128,7133,2012-04-08,0,2012-01-25,7,74
7079,7134,2012-04-09,0,2012-02-03,0,66
7117,7514,2012-07-19,0,2011-10-25,7,268
714,498,2004-03-15,28,2004-01-28,0,47
715,498,2004-03-15,28,2004-01-28,0,47
7186,7187,2012-04-29,0,2012-01-25,7,95
719,262,2003-12-15,7,2003-11-30,0,15
720,262,2003-12-21,0,2003-11-30,0,21
7200,7201,2012-04-29,0,2012-01-10,14,110
7213,7214,2012-05-06,0,2012-03-15,7,52
7236,7237,2012-05-17,0,2012-05-11,0,6
7237,7285,2012-05-11,0,2012-04-15,0,26
726,728,2003-11-15,7,2003-11-05,7,10
7268,7269,2012-03-30,0,2012-02-15,7,44
727,728,2003-11-15,7,2003-11-05,7,10
730,33,2004-02-15,28,2003-06-20,0,240
75,44,2003-07-05,7,2003-06-05,7,30
753,754,2004-04-05,0,2004-04-01,7,4
753,8051,2004-04-05,0,2004-02-05,7,60
755,754,2004-04-15,7,2004-04-01,7,14
756,754,2004-04-15,7,2004-04-01,7,14
758,782,2004-05-05,7,2004-04-15,0,20
780,758,2004-05-15,7,2004-05-05,7,10
781,782,2004-07-29,0,2004-04-15,0,105
786,787,2004-04-03,0,2004-03-05,7,29
798,796,2004-06-28,0,2004-06-21,0,7
799,796,2004-06-25,7,2004-06-21,0,4
7990,7991,2013-02-01,0,2013-01-20,0,12
8,3,2003-07-10,0,2003-06-10,0,30
800,796,2004-06-25,7,2004-06-21,0,4
8050,4694,2010-09-05,7,2010-08-15,7,21
819,821,2004-06-12,0,2004-05-15,28,28
820,821,2004-06-12,0,2004-05-15,28,28
8222,8220,2013-07-15,28,2013-07-04,0,11
827,829,2004-06-05,7,2004-03-15,0,82
832,354,2004-01-15,7,2003-11-28,0,48
833,354,2004-01-15,7,2003-11-28,0,48
834,354,2004-01-15,7,2003-11-28,0,48
840,497,2004-08-06,0,2003-12-10,0,240
843,497,2004-01-05,7,2003-12-10,0,26
846,847,2004-08-11,0,2004-07-23,0,19
8460,8451,2013-02-28,0,2013-02-20,0,8
85,86,2003-08-16,0,2003-07-28,0,19
8568,8569,2013-01-08,0,2012-12-26,0,13
859,853,2004-06-05,7,2004-05-14,0,22
8671,8670,2013-10-21,0,2013-10-15,7,6
889,890,2004-08-06,0,2004-06-05,7,62
893,889,2004-10-05,7,2004-08-06,0,60
898,897,2004-07-15,7,2004-06-26,0,19
91,150,2003-08-02,0,2003-07-05,7,28
914,915,2004-06-25,7,2004-06-05,7,20
922,926,2004-08-02,0,2004-07-25,7,8
929,928,2002-04-06,0,2002-03-31,0,6
940,941,2004-07-26,0,2004-07-23,0,3
9474,9473,2014-06-29,0,2014-04-29,0,61
9483,9482,2014-06-06,0,2014-05-29,0,8
9486,9485,2014-05-28,0,2014-03-20,0,69
9488,9487,2014-05-21,0,2014-05-08,0,13
9491,9490,2014-09-24,0,2014-08-28,0,27
9493,9492,2014-09-07,0,2014-08-17,0,21
9501,9500,2014-07-26,0,2014-07-12,0,14
9504,8970,2014-05-20,0,2014-05-03,0,17
9508,9507,2014-05-18,0,2014-04-18,0,30
9529,9527,2014-09-20,0,2014-08-15,0,36
953,952,2004-08-05,7,2004-07-25,7,11
9542,9592,2014-05-23,0,2014-05-09,0,14
9550,9549,2014-09-17,0,2014-08-17,0,31
9552,9551,2014-10-05,7,2014-09-05,7,30
9556,9555,2014-11-03,0,2014-10-01,0,33
962,963,2004-02-08,0,2004-01-25,7,14
998,517,2004-02-25,7,2003-12-25,0,62
999,517,2004-02-15,28,2003-12-25,0,52
9831,9558,2014-11-01,0,2014-10-22,0,10
9832,9558,2014-11-07,0,2014-10-22,0,16
9842,9580,2014-11-02,0,2014-10-25,0,8
9858,9580,2014-11-30,0,2014-10-25,0,36
9859,9580,2014-11-07,0,2014-10-25,0,13
9868,9724,2015-04-16,0,2015-01-12,0,94
9886,9868,2015-04-23,0,2015-04-16,0,7
9898,9868,2015-05-03,0,2015-04-16,0,17
9914,9913,2015-06-06,0,2015-06-01,0,5
9919,9913,2015-06-21,0,2015-06-01,0,20
9920,9913,2015-06-28,0,2015-06-01,0,27
9935,9913,2015-06-10,0,2015-06-01,0,9
9939,9913,2015-06-17,0,2015-06-01,0,16
9940,9913,2015-06-07,0,2015-06-01,0,6
9944,9868,2015-06-24,0,2015-04-16,0,69
9978,9913,2015-06-07,0,2015-06-01,0,6
9998,9997,2015-08-26,0,2015-08-06,0,20
10017,10003,2015-07-04,0,2015-06-28,0,6
10022,10019,2015-07-23,0,2015-07-13,0,10
10060,10055,2015-06-17,0,2015-06-13,0,4
10061,10055,2015-09-16,0,2015-06-13,0,95
10062,10055,2015-06-25,0,2015-06-13,0,12
10067,10066,2015-01-25,0,2015-01-18,7,7
9746,9741,2015-01-07,0,2015-01-04,0,3
10099,10098,2014-12-30,0,2014-12-05,7,25
10100,10099,2015-02-28,0,2014-12-30,0,60
10110,10109,2015-02-15,7,2014-12-15,28,62
10127,10106,2015-05-22,0,2015-05-06,0,16
10129,10128,2015-03-30,0,2015-03-25,0,5
10131,10130,2015-03-16,0,2015-03-13,0,3
10133,10132,2015-03-21,0,2015-02-24,0,25
10145,10144,2015-03-31,0,2015-03-24,0,7
10154,10153,2015-06-13,0,2015-05-31,0,13
10160,10115,2015-05-20,0,2015-05-06,0,14
10182,10180,2015-02-09,0,2015-01-15,7,25
10219,10070,2015-10-09,0,2015-09-27,7,12
10213,10210,2015-07-16,0,2015-07-13,0,3
10225,10221,2015-09-19,0,2015-09-12,0,7
10229,10221,2015-10-03,7,2015-09-12,0,21
10301,10300,2015-08-04,0,2015-07-05,0,30
10293,10292,2015-12-22,0,2015-12-17,7,5
10291,10290,2015-12-29,0,2015-12-25,7,4
10304,10302,2016-01-25,0,2015-12-27,7,29
10404,10403,2016-02-01,0,2016-01-27,7,5
10435,10434,2015-10-29,0,2015-10-17,7,12
10436,10435,2015-11-13,0,2015-10-29,0,15
10520,10519,2016-05-12,7,2016-05-01,0,11
10516,10515,2016-05-14,0,2016-05-11,7,3
10511,10510,2015-12-23,7,2015-12-20,7,3
10442,10441,2015-08-07,0,2015-07-23,7,15
10443,10441,2015-08-10,0,2015-07-23,7,18
10445,10444,2015-11-17,0,2015-11-13,7,4
10441,10440,2015-07-23,7,2015-07-19,7,4
10466,10465,2016-04-02,7,2016-03-18,7,15
10618,10617,2016-06-27,0,2016-05-27,7,31
10558,10556,2016-03-09,7,2016-02-15,7,23
10647,10643,2015-11-07,0,2015-10-28,7,10
10573,10572,2016-03-10,7,2016-02-06,7,33
10570,10569,2016-02-15,7,2016-01-13,7,33
10656,10655,2016-04-18,0,2016-04-07,0,11
10669,10668,2016-06-10,0,2016-05-09,7,32
10675,10669,2016-06-16,7,2016-06-10,0,6
10688,10687,2016-07-13,0,2016-06-13,7,30
10686,10685,2015-08-21,7,2015-08-07,7,14
10753,10752,2015-12-05,0,2015-11-13,7,22
10706,10701,2015-10-27,7,2015-10-20,7,7
10707,10701,2015-11-02,7,2015-10-20,7,13
10712,10715,2016-05-24,7,2016-05-01,7,23
10874,10873,2017-03-27,0,2017-02-22,7,33
10875,10873,2017-03-28,0,2017-02-22,7,34
10876,10873,2017-04-05,0,2017-02-22,7,42
10889,10888,2017-03-31,0,2017-03-17,0,14
10902,10901,2017-05-27,0,2017-04-26,0,31
10903,10901,2017-05-01,0,2017-04-26,0,5
10923,10922,2016-12-09,0,2016-12-07,7,2
10907,10906,2017-04-11,0,2017-04-08,7,3
10920,10919,2016-11-02,0,2016-10-12,7,21
10935,10934,2015-11-17,0,2015-11-10,7,7
10942,10941,2017-09-22,7,2017-09-08,7,14
10980,10978,2017-10-26,0,2017-10-02,0,24
10993,10992,2017-09-12,7,2017-08-12,7,31
10994,10993,2017-09-27,0,2017-09-12,7,15
10990,10989,2017-11-24,0,2017-10-20,7,35
10986,10985,2018-01-18,0,2017-12-16,7,33
10997,10999,2018-02-26,0,2017-09-16,0,163
10998,10999,2018-02-23,0,2017-09-16,0,160
11010,11009,2018-05-22,0,2018-04-20,7,32
10974,10973,2018-04-14,0,2018-03-11,7,34
11078,11077,2019-06-19,0,2019-05-03,0,47
11083,11082,2019-03-03,7,2019-02-15,7,16
