"Year","Grp_species","Longitude","Latitude"
2016,"Domestic Dog",39.1169342141432,-10.9524754074531
2014,"Domestic Dog",39.0246296208601,-8.59093828023479
2012,"Domestic Dog",38.3867072336977,-10.482936287704
2013,"Wildlife",38.9242516495279,-10.6875228405643
2013,"Wildlife",38.0371028294335,-8.35077374818894
2014,"Domestic Dog",38.0955445513815,-9.35961002826527
2013,"Domestic Dog",39.0253770151154,-8.37229928321837
2014,"Wildlife",39.3862405949313,-9.02110023148139
2013,"Domestic Dog",38.4707204888153,-8.64884388069083
2015,"Domestic Dog",38.3004406386999,-9.19520326570854
2011,"Domestic Dog",38.2230974276491,-10.3559300075696
2011,"Domestic Dog",39.4896117190906,-9.64594895113353
2011,"Domestic Dog",39.2084574829857,-9.40466897184597
2012,"Domestic Dog",38.113234442653,-9.38302451735058
2011,"Wildlife",38.2454189686877,-9.20097513252066
2011,"Wildlife",37.8032556625477,-9.18710534514579
2012,"Domestic Dog",38.6950079806397,-10.7995023355553
2015,"Wildlife",37.801395448147,-8.70501234292168
2012,"Wildlife",38.5379429471976,-11.2057505251908
2012,"Domestic Dog",38.931839799694,-10.9283962624924
2012,"Wildlife",38.4013346886104,-10.4812797260975
2014,"Wildlife",38.3049837960118,-10.842632741519
2011,"Wildlife",39.4322353516692,-10.6430975642238
2013,"Wildlife",38.9157512557858,-10.5706474414413
2013,"Wildlife",38.1859359560384,-10.6680937095522
2012,"Wildlife",37.3990449563633,-9.47204037223579
2012,"Wildlife",38.4794428565036,-8.35271612110489
2013,"Wildlife",39.6259978221932,-10.0716944023109
2013,"Wildlife",39.4500358922358,-10.3292605781807
2013,"Wildlife",37.9070109893262,-9.26667371543635
2012,"Domestic Dog",37.7863923803772,-9.41620882834067
2011,"Domestic Dog",39.4632754814003,-10.53689197523
2012,"Domestic Dog",39.0492397210531,-10.8504739998402
2012,"Domestic Dog",38.5692729820291,-10.7077147834204
2012,"Domestic Dog",38.5680291578082,-8.84164187680629
2012,"Domestic Dog",38.0056743941497,-9.33901524532265
2012,"Domestic Dog",37.8232318220928,-8.94264822294174
2012,"Domestic Dog",38.2296892503348,-8.40038397686285
2012,"Domestic Dog",38.1371930774566,-10.2011539113998
2012,"Domestic Dog",37.9022108411508,-10.1489947946482
2014,"Wildlife",39.4342688852378,-9.73731465404918
2013,"Wildlife",37.4587851247596,-10.1358950954298
2012,"Wildlife",38.6592402514571,-10.9828571291214
2013,"Wildlife",38.8396622607778,-11.1147227646664
2013,"Wildlife",38.5741258154675,-8.6844817151934
2013,"Wildlife",38.3697656885087,-9.85261311634831
2014,"Wildlife",38.6219495445209,-9.68203597437975
2015,"Wildlife",37.5795307655914,-9.02652465863894
2011,"Wildlife",39.078953616476,-8.516750058465
2014,"Wildlife",37.5811398200075,-8.68762903310036
2012,"Wildlife",37.5962968731099,-9.09379492826799
2012,"Wildlife",37.9943047408483,-8.45977795930357
2013,"Wildlife",37.876740020133,-8.58489900265505
2013,"Wildlife",37.5756503823428,-9.30048736131115
2014,"Wildlife",38.3763066371512,-9.63278758948892
2013,"Wildlife",37.9300807182258,-8.70017803386513
2014,"Wildlife",39.9139583610598,-10.4814546383571
2014,"Wildlife",38.4311365643504,-8.77569026371932
2014,"Wildlife",37.9056440163113,-9.43531057966443
2012,"Wildlife",37.9289782016312,-8.93711402627899
2012,"Wildlife",37.6313878364517,-10.1940560727834
2013,"Wildlife",38.4776773884711,-9.35282034435758
2013,"Wildlife",37.5522631561778,-8.82076289491424
2012,"Wildlife",38.2738798355618,-11.0845199865637
2012,"Wildlife",38.8583941788969,-8.48759242886773
2013,"Domestic Dog",39.975761386466,-10.7612490834449
2012,"Domestic Dog",39.4369847815248,-10.4103855729665
2011,"Wildlife",39.2119258774205,-10.9841843254105
2012,"Wildlife",38.7850695226043,-9.86749602168585
2014,"Wildlife",37.7020931457181,-10.469899565468
2012,"Wildlife",38.0476474175426,-9.86029953373652
2012,"Wildlife",39.4526209726477,-10.3545721886112
2013,"Wildlife",39.291756821853,-9.61192216294402
2012,"Wildlife",38.1675933943958,-8.81178208671881
2012,"Wildlife",39.1889026956223,-10.5955833038162
2012,"Wildlife",39.3730862013854,-9.517184896675
2011,"Domestic Dog",39.7637921624793,-10.229606961561
2015,"Wildlife",37.168951285741,-9.87517847674181
2012,"Wildlife",37.9398378812062,-8.09112769113797
2013,"Wildlife",39.695192770622,-9.72084900187368
2012,"Domestic Dog",38.2665855235496,-9.53461288193434
2012,"Wildlife",37.8666810537951,-8.48675702998577
2012,"Wildlife",38.2002625877343,-10.8575562909886
2011,"Wildlife",38.0856201707542,-8.4791651032263
2013,"Wildlife",38.1949568768814,-10.1323387403584
2012,"Wildlife",36.9802452156113,-10.1034358717648
2015,"Domestic Dog",38.0164325687998,-9.84519662848244
2012,"Domestic Dog",38.5044269615234,-9.20032823208075
2011,"Domestic Dog",38.1242907224411,-9.26797273964867
2011,"Domestic Dog",37.9329223764598,-9.22304894381213
2012,"Wildlife",38.2357705147071,-10.5102483030293
2014,"Domestic Dog",37.9125776732281,-10.4509664887532
2011,"Wildlife",39.3087583254978,-9.75492183604783
2013,"Domestic Dog",38.0666072720604,-10.6240669068616
2011,"Wildlife",38.997395657666,-10.4268431414324
2011,"Wildlife",39.0845450095805,-9.10604613984365
2011,"Wildlife",38.3003205194314,-8.91739260043614
2013,"Domestic Dog",38.4884791156724,-9.18295682710816
2011,"Domestic Dog",37.1572791270783,-10.0311223062229
2014,"Wildlife",38.7049587651053,-10.9754651415007
2013,"Wildlife",37.5381115216305,-9.56322565717313
2011,"Wildlife",38.2236791623229,-10.9483002753314
2012,"Wildlife",38.0500121528572,-8.10210662160671
2013,"Wildlife",39.3360224365506,-11.0543330456181
2011,"Domestic Dog",38.6354764647717,-9.84739998057779
2011,"Domestic Dog",39.1078147462848,-8.87416263306466
2012,"Domestic Dog",37.5099442830585,-9.83687862929206
2011,"Wildlife",38.7538664413777,-10.8186615532741
2011,"Domestic Dog",39.1971830057489,-10.9120798749347
2016,"Wildlife",38.1458731517038,-10.395620739125
2011,"Wildlife",39.8403466060167,-10.1596224310536
2011,"Wildlife",37.8001230949232,-10.3524504388131
2011,"Wildlife",36.9848815637243,-10.2297881179629
2013,"Wildlife",39.8250001925842,-10.5778607824888
2013,"Wildlife",37.8533030674472,-9.01233936477778
2013,"Wildlife",38.2212559533365,-8.91588058483965
2011,"Wildlife",39.3118245991444,-10.551521739227
2011,"Wildlife",37.2002414729027,-10.1750994030296
2012,"Domestic Dog",37.9082721912648,-8.18071415270113
2011,"Wildlife",38.9330842851142,-10.8993974945851
2011,"Wildlife",37.9212959546378,-9.55762549575255
2011,"Wildlife",37.7526411642929,-8.86038700930237
2016,"Wildlife",39.5436806008496,-10.3606245809183
2011,"Wildlife",38.04627587609,-10.3846245757974
2014,"Wildlife",38.2995540936273,-8.72497520162834
2011,"Domestic Dog",38.1359562974237,-11.0955787211464
2012,"Domestic Dog",38.6004844956292,-10.8671935593692
2011,"Domestic Dog",38.9835363989727,-9.64321533950003
2014,"Domestic Dog",38.3663704407084,-10.0214106185402
2012,"Wildlife",39.4057315574049,-10.5307216672262
2014,"Domestic Dog",38.8569052429166,-9.56621168957559
2014,"Wildlife",37.9747567986469,-9.41863062398286
2011,"Wildlife",38.5858802601386,-10.9799040612459
2011,"Wildlife",38.6666454467656,-9.17670399174902
2011,"Domestic Dog",39.2058082054471,-10.4157796168338
2012,"Wildlife",37.6393524705258,-10.4518746929543
2011,"Wildlife",38.1628150033429,-10.4960430830919
2011,"Wildlife",39.0843867048008,-10.5606013606692
2015,"Wildlife",38.0620424384023,-9.85295487825586
2012,"Domestic Dog",38.8445641645342,-9.01866725643079
2011,"Wildlife",39.553604850736,-9.91443401227464
2014,"Domestic Dog",37.9365514706484,-10.5353721428925
2011,"Wildlife",38.0258797725204,-10.4592407765135
2014,"Domestic Dog",39.1596082529045,-10.3097325389817
2013,"Wildlife",38.2538131824759,-8.57280014490441
2016,"Wildlife",39.4749978487431,-8.81640584281191
2012,"Wildlife",38.023111854668,-9.84182936340348
2011,"Wildlife",39.5424384521112,-10.6571361771382
2011,"Wildlife",37.5019426301487,-10.083715542197
2014,"Wildlife",38.1961754239677,-8.71174399728492
2015,"Wildlife",39.5343341226047,-10.7479158127337
2011,"Wildlife",37.9405876770973,-9.29196616255784
2011,"Domestic Dog",37.009000714245,-10.1327962765343
2014,"Wildlife",37.9791297454273,-9.01548955036489
2011,"Wildlife",38.0962536110643,-10.1361970084305
2015,"Domestic Dog",38.3857476335923,-10.1705255603132
2011,"Wildlife",39.3220401173342,-10.6011995450188
2011,"Wildlife",38.7938355244527,-10.165256806641
2011,"Wildlife",37.5571524704989,-8.98325816770118
2012,"Wildlife",37.689387748996,-8.08793141250186
2012,"Domestic Dog",37.3822787547447,-9.67912698795755
2011,"Wildlife",38.5091270087817,-9.48448919083008
2015,"Wildlife",38.3466357121909,-9.25386974268973
2014,"Domestic Dog",37.5190495492877,-8.80749611234901
2014,"Domestic Dog",38.52185888762,-10.7586021732885
2012,"Wildlife",38.7924488803411,-8.70866278451742
2012,"Wildlife",38.0334287262231,-9.25088920221122
2012,"Wildlife",39.5051852411735,-8.86733432635794
2011,"Wildlife",38.1503392193347,-10.8948970747047
2013,"Wildlife",39.500404868188,-10.3404921282247
2012,"Wildlife",39.582907253661,-10.7106719442724
2011,"Wildlife",38.9125302140265,-10.6553796070125
2012,"Wildlife",37.0940888496567,-10.1723734636983
2012,"Domestic Dog",37.7695729655354,-9.14795858914369
2011,"Domestic Dog",38.5796516757228,-9.75873284582232
2012,"Wildlife",38.9786787730881,-9.60897525157365
2011,"Domestic Dog",39.5161050124434,-10.2845185173131
2014,"Domestic Dog",37.9445979518743,-9.52607100894371
2012,"Domestic Dog",38.3851191536239,-9.76197334872776
2011,"Domestic Dog",37.0657109025097,-10.1642408177523
2011,"Domestic Dog",37.8641023080726,-8.14367605530202
2015,"Domestic Dog",38.1827085246285,-10.8466995103862
2014,"Domestic Dog",38.3355646078805,-9.7021887337218
2011,"Domestic Dog",38.1528976310955,-9.16710239571894
2011,"Wildlife",39.1816291880726,-9.73642458342142
2011,"Domestic Dog",39.4311399950141,-10.4255779199795
2014,"Wildlife",38.7202039467533,-8.64599908518697
2011,"Domestic Dog",37.1272792945839,-9.98398382389482
2014,"Domestic Dog",38.711236436494,-8.69691547968412
2012,"Domestic Dog",39.4587557042304,-9.8841788977921
2014,"Wildlife",37.8369184594585,-8.48864533000933
2011,"Wildlife",37.3897938223975,-9.45062156943742
2014,"Wildlife",39.2574375755755,-8.93270608867748
2011,"Wildlife",39.2769514776692,-9.04133300916148
2011,"Wildlife",38.1478693516591,-11.2381131833378
2016,"Wildlife",38.0122294719726,-9.67596531623224
2011,"Domestic Dog",38.1840334473638,-11.0806985771885
2011,"Wildlife",39.0191146520736,-9.17444745205812
2013,"Wildlife",38.4484188778572,-8.86734846514085
2011,"Domestic Dog",37.3490282505996,-9.50255046600327
2016,"Wildlife",38.0512309406067,-11.1161819326668
2016,"Domestic Dog",38.2645126327979,-8.28680625816254
2011,"Wildlife",39.2847358683027,-10.5281425378628
2011,"Wildlife",38.6929712351746,-9.46703239731368
2011,"Wildlife",37.9179634633157,-8.12990394189183
2016,"Wildlife",37.7041670515856,-9.49689945235314
2011,"Wildlife",38.0992909043603,-8.11903765591152
2011,"Wildlife",39.6328212478527,-10.6630921735215
2011,"Domestic Dog",40.3180341067985,-10.5068607272446
2011,"Domestic Dog",38.6390285958563,-9.22750923807979
2014,"Wildlife",37.6765105586945,-9.14931349822626
2014,"Domestic Dog",38.3065374612427,-9.7427726705536
2014,"Wildlife",38.6103864904117,-8.74852555984084
2013,"Wildlife",39.8198716864862,-10.5756294011327
2011,"Wildlife",38.7848986250583,-8.94971395717294
2011,"Domestic Dog",37.9012706081904,-10.3614012337415
2011,"Wildlife",39.3049576425851,-10.8981023832063
2012,"Domestic Dog",37.9498037258608,-8.66690383562759
2014,"Domestic Dog",40.0419338203201,-10.3116267163701
2011,"Domestic Dog",39.2463208351866,-9.36224088622902
2011,"Domestic Dog",38.6172978589148,-8.60204455955865
2011,"Wildlife",37.4664039432498,-8.58210899006626
2011,"Domestic Dog",38.6016848122671,-8.72478153340977
2012,"Domestic Dog",37.6518262259677,-9.99818932702988
2011,"Domestic Dog",38.3370207770198,-8.24322394102541
2011,"Wildlife",38.6099546231477,-9.40529174693264
2012,"Domestic Dog",37.7820175024618,-8.44896705428028
2012,"Domestic Dog",38.1997648803382,-10.5530886059007
2012,"Domestic Dog",38.9459541880662,-9.42611233574863
2012,"Domestic Dog",38.7189332490262,-10.8740839033941
2012,"Domestic Dog",40.4180729561493,-10.3314154028636
2012,"Domestic Dog",38.6553388805421,-9.42972094280849
2011,"Domestic Dog",37.2844780127068,-9.571145977939
2012,"Domestic Dog",39.7274693081491,-10.9190902330776
2014,"Domestic Dog",39.4470717164283,-9.28222210676727
2012,"Domestic Dog",38.1708389271787,-11.2388021487667
2012,"Domestic Dog",38.2777072637381,-9.57698019529068
2012,"Domestic Dog",39.2228203099327,-8.46899300763026
2012,"Domestic Dog",38.702957948413,-9.90568049166847
2013,"Domestic Dog",39.8565434117408,-10.4267497478901
2012,"Domestic Dog",39.9233593516097,-10.7684894986712
2013,"Domestic Dog",39.8495818403868,-10.0672922114301
2011,"Domestic Dog",38.9323737731245,-10.7557831357843
2015,"Domestic Dog",38.348688810265,-8.41903067181559
2012,"Domestic Dog",39.3760657321736,-8.74398172957996
2011,"Domestic Dog",38.6081212655983,-9.33103629940474
2012,"Domestic Dog",39.0073659275263,-8.61163917383435
2011,"Wildlife",39.0034781495041,-10.2899201133873
2011,"Domestic Dog",37.5452742932797,-9.27225125269449
2012,"Domestic Dog",37.7283276802903,-9.64853011968201
2011,"Domestic Dog",38.0216554931646,-10.4513658485115
2012,"Domestic Dog",38.9480001703363,-8.59359700516841
2011,"Domestic Dog",38.6923217708709,-9.2024688936371
2012,"Domestic Dog",38.055911496641,-9.04585307435491
2012,"Domestic Dog",39.3051714922733,-10.1733794189522
2012,"Domestic Dog",39.7220210846882,-10.0306753936091
2015,"Wildlife",39.2041743502264,-10.8710290361193
2011,"Domestic Dog",39.3407651578143,-8.8156907931787
2012,"Domestic Dog",37.5998989497273,-9.55382279851778
2011,"Domestic Dog",39.0873285222441,-10.8055244062427
2012,"Domestic Dog",37.6697098170024,-8.95103905666362
2014,"Wildlife",37.4812188931445,-10.0148074628631
2014,"Wildlife",37.7993561369952,-10.0852966166273
2011,"Wildlife",39.5047004363248,-9.7087808901334
2016,"Wildlife",38.376547914121,-9.07139418521111
2015,"Wildlife",38.7657520275271,-10.2342804054465
2011,"Wildlife",38.4689628743987,-9.74357627178019
2014,"Wildlife",40.1094928841292,-10.2452111793375
2012,"Domestic Dog",37.7351419840636,-8.4970587156742
2014,"Wildlife",37.3335191005196,-10.3698239584361
2015,"Wildlife",37.7742649251765,-10.3062920060545
2013,"Wildlife",39.0101518393276,-9.88372068973187
2011,"Wildlife",37.6658754170869,-9.22526676576382
2013,"Wildlife",38.9441457887102,-9.92741713469622
2013,"Wildlife",38.4791318771315,-9.32323086679896
2012,"Domestic Dog",37.5932968576332,-9.91240304556968
2015,"Wildlife",36.9796328775674,-9.88008401527289
2011,"Domestic Dog",38.2587515562893,-8.68033762526288
2011,"Domestic Dog",38.1300777664298,-11.2536910637361
2011,"Wildlife",38.5091366369766,-10.755705609423
2014,"Wildlife",37.1290148620829,-10.2947550066911
2014,"Domestic Dog",38.1255397338291,-10.1363417110512
2012,"Domestic Dog",39.3289238920068,-8.68397043070689
2011,"Domestic Dog",39.1234498590033,-10.6999741495124
2013,"Wildlife",37.825040602846,-8.32347313461054
2013,"Wildlife",37.5196066921759,-8.79822774902842
2011,"Wildlife",39.1633630665702,-11.0328058535986
2014,"Wildlife",38.9770176971066,-8.87418801860671
2015,"Wildlife",37.2599344954541,-9.66006803842341
2012,"Wildlife",37.9077084089027,-8.93555348732732
2012,"Domestic Dog",38.1805863911807,-8.5712122948292
2011,"Wildlife",37.973895941252,-8.74284638872015
2011,"Domestic Dog",38.4594955057636,-8.74666414086994
2013,"Domestic Dog",39.3840608313821,-10.5186620376196
2014,"Wildlife",37.5190099439467,-9.20545032833845
2012,"Domestic Dog",37.9232417477198,-10.0503159288004
2012,"Domestic Dog",39.3252986401026,-9.19302353586465
2014,"Wildlife",38.5890432196161,-8.58116938419958
2012,"Domestic Dog",39.5978006356213,-9.73537313316043
2011,"Domestic Dog",38.4938784145456,-11.2545764181904
2014,"Wildlife",38.4504779675298,-10.3848876891021
2012,"Wildlife",38.4105017811419,-10.3413432741924
2011,"Wildlife",38.0188752931597,-8.41948576307916
2013,"Wildlife",37.9366370917995,-9.5531439008047
2013,"Domestic Dog",39.2394552443287,-10.7963522311136
2012,"Wildlife",37.8248350373027,-9.36545394980111
2012,"Domestic Dog",38.4208890645979,-8.68579177762106
2014,"Wildlife",37.2370816874055,-10.2608076704444
2015,"Wildlife",38.405478632246,-11.2362026340438
2011,"Wildlife",39.1826766002806,-9.27732912305996
2014,"Domestic Dog",39.6370094543708,-10.617046675752
2014,"Domestic Dog",38.6790154771852,-11.18338401821
2014,"Domestic Dog",38.4062972903,-9.84786724122424
2014,"Domestic Dog",39.8572008462446,-10.8002471363557
2013,"Wildlife",38.0748513736119,-8.99458478856391
2013,"Domestic Dog",38.0439921610118,-10.3333209592782
2016,"Wildlife",39.6894562059555,-10.2331395045006
2012,"Wildlife",39.5923086064549,-9.61994088473777
2011,"Domestic Dog",38.6238741400849,-9.23288060990888
2011,"Domestic Dog",38.7418206484596,-8.86810173428022
2011,"Wildlife",38.1087133172693,-9.89811967688533
2012,"Wildlife",37.9589539344921,-9.431703507065
2012,"Domestic Dog",38.1679151811295,-9.88955038565917
2012,"Domestic Dog",38.3545582968181,-9.41342667955728
2011,"Domestic Dog",37.1404267905049,-9.86036418799537
2012,"Domestic Dog",38.986077833566,-9.83014434013612
2013,"Wildlife",37.7007344068835,-8.56475936372053
2011,"Domestic Dog",37.5956765856845,-9.09084750649275
2015,"Domestic Dog",37.5044609319253,-8.8438154201212
2015,"Domestic Dog",39.2318924570699,-9.51116648889311
2012,"Domestic Dog",39.358853369227,-10.139145612495
2011,"Domestic Dog",38.8595498054543,-8.97189511415506
2011,"Domestic Dog",38.5034995569961,-9.75767080689178
2016,"Wildlife",37.5820506370918,-10.3856093894162
2014,"Domestic Dog",39.1850628553853,-9.327206129567
2011,"Wildlife",38.3200633205766,-8.99246908247874
2011,"Domestic Dog",40.0419958389864,-10.5392415092276
2011,"Domestic Dog",37.8262654987784,-10.3653736750823
2011,"Domestic Dog",38.9693637134705,-10.6279380470362
2016,"Domestic Dog",38.8411770343299,-10.5759910534125
2011,"Domestic Dog",39.1159341409769,-8.91487759545184
2017,"Wildlife",38.7794788906285,-8.86404292253569
2013,"Domestic Dog",39.5669204203656,-10.0848804832934
2015,"Domestic Dog",38.0692129903859,-10.8338985952
2011,"Wildlife",40.0517032562928,-10.5480727801565
2011,"Wildlife",39.8506878178686,-10.3697969061665
2013,"Domestic Dog",38.7856104661085,-9.67607799561321
2011,"Domestic Dog",37.7573519681153,-8.31250577548274
2016,"Wildlife",39.1759554065321,-9.28640915509812
2015,"Domestic Dog",39.2214519895368,-9.98141669918907
2011,"Wildlife",39.1848581350779,-8.26415548731596
2013,"Domestic Dog",39.1292939918093,-11.1034095319912
2011,"Domestic Dog",38.5398600730411,-10.6875781484904
2012,"Domestic Dog",38.4870158540459,-10.4173555880269
2012,"Domestic Dog",38.5532571050945,-10.8815357357829
2015,"Domestic Dog",37.688285468901,-10.4795833886152
2012,"Wildlife",38.3990758551131,-9.62321490963936
2011,"Wildlife",39.5592235528723,-10.0577690968432
2014,"Domestic Dog",39.1692726955846,-10.5143580789841
2016,"Wildlife",38.2762432010112,-8.22579981991232
2011,"Wildlife",38.5785660938258,-11.0297607830137
2012,"Wildlife",38.3015876871535,-11.0318072533681
2011,"Wildlife",38.7415122289449,-10.978161729712
2011,"Wildlife",38.4800657803989,-9.57989606852707
2011,"Domestic Dog",38.9112259292047,-9.608093219214
2012,"Domestic Dog",38.8290251538925,-9.41945455782444
2011,"Wildlife",38.8434614547429,-10.5931193798916
2016,"Wildlife",39.1097814662427,-9.48800755279106
2011,"Domestic Dog",39.3388352901432,-10.827820414058
2015,"Wildlife",38.0059050802716,-8.29118639776782
2013,"Domestic Dog",39.452619461216,-10.1702666040899
2012,"Wildlife",37.5226325194093,-8.73094534247466
2016,"Domestic Dog",38.8029796798624,-11.1615660723118
2017,"Wildlife",38.4644379541971,-9.71911570913129
2016,"Domestic Dog",37.4387380461721,-9.29359961312919
2011,"Wildlife",37.2937548118663,-9.61678209043005
2012,"Wildlife",40.3026925890724,-10.5057663315666
2014,"Wildlife",39.4138532438105,-11.028714489546
2015,"Domestic Dog",37.6753799119818,-9.49177564879521
2012,"Domestic Dog",37.4183425488407,-10.0673472028889
2011,"Domestic Dog",38.5523040428683,-11.0746835442458
2011,"Domestic Dog",38.3264931719074,-10.1278021969588
2011,"Domestic Dog",38.5533301601272,-8.62933181416189
2014,"Domestic Dog",39.4638440462157,-10.3122188306491
2012,"Wildlife",38.4581079989283,-9.18170695999696
2012,"Domestic Dog",37.5796756431945,-8.72019332470321
2011,"Domestic Dog",39.2919976266566,-10.7008974954541
2014,"Wildlife",38.962146508627,-10.3747336102299
2014,"Domestic Dog",38.6968057500089,-9.91934082235489
2012,"Wildlife",38.3136658380349,-11.2050376721648
2011,"Domestic Dog",38.1808962047101,-9.97813417754759
2011,"Wildlife",38.239111669073,-10.8472092328228
2011,"Domestic Dog",39.2621457062872,-9.69110399364575
2014,"Domestic Dog",39.5497111593933,-10.1700044361296
2012,"Domestic Dog",39.4937661977802,-10.2998966654934
2015,"Domestic Dog",38.537250415833,-9.06988052966511
2011,"Domestic Dog",37.9765346454303,-9.05631386354676
2011,"Domestic Dog",37.7705709751602,-9.86266756565048
2011,"Domestic Dog",39.8187631408195,-10.4214782888287
2012,"Domestic Dog",38.1645456185087,-11.0219259838702
2011,"Domestic Dog",38.0073591433994,-10.2055182041105
2012,"Domestic Dog",39.2450245338889,-10.4083308915042
2011,"Domestic Dog",39.2235865966684,-9.56497520821755
2013,"Domestic Dog",39.152978410424,-8.75707826493737
2011,"Domestic Dog",39.011673084972,-11.1270472254268
2011,"Domestic Dog",37.9184895398277,-9.24260885694321
2015,"Domestic Dog",38.3398139053872,-10.3459793903602
2013,"Domestic Dog",39.2362517509998,-9.03522902944708
2012,"Domestic Dog",38.2794909497278,-9.51883792358574
2012,"Domestic Dog",39.3611783176622,-8.80937640007102
2012,"Domestic Dog",38.2973568266158,-10.6806638341001
2012,"Wildlife",39.1040357913485,-10.8882475809193
2012,"Domestic Dog",39.0834972068152,-11.0244288454382
2014,"Domestic Dog",38.5859735342142,-10.5102170806952
2017,"Wildlife",39.2357941152818,-10.2783180345628
2012,"Domestic Dog",37.9341200649553,-9.64026488775375
2014,"Domestic Dog",37.9198759407779,-8.40380293889548
2016,"Domestic Dog",38.1826217101541,-10.9376838897424
2016,"Domestic Dog",38.8870820786416,-8.83852804681439
2016,"Domestic Dog",37.7615128447829,-8.58223538546236
2011,"Wildlife",39.2145453043903,-10.2472386762631
2011,"Wildlife",39.2028486313872,-9.71214921416047
2011,"Wildlife",39.0032081045337,-10.6277713815885
2011,"Wildlife",38.4351646173954,-8.49872246757885
2016,"Domestic Dog",38.6534891745475,-10.7374075607576
2016,"Domestic Dog",39.2880427435631,-8.75299394998989
2012,"Domestic Dog",39.1692586679991,-8.38723094885579
2015,"Domestic Dog",38.249537190503,-8.26708175771865
2012,"Domestic Dog",37.2652825655349,-10.244757611174
2012,"Domestic Dog",38.7795192487708,-10.4925569829382
2012,"Domestic Dog",39.802624317448,-10.2779950878504
2014,"Domestic Dog",38.5432467535632,-9.18646976611883
2012,"Domestic Dog",38.4320410059408,-10.2113148827663
2012,"Domestic Dog",38.0906281012395,-9.6328193157363
2012,"Wildlife",39.2862344707842,-9.31667836616795
2011,"Wildlife",38.0797107266091,-8.25246455341414
2014,"Domestic Dog",38.5442956272383,-8.99826924552013
2013,"Domestic Dog",39.5082263201273,-9.32498582131877
2017,"Domestic Dog",39.3619721324416,-9.96338128020152
2011,"Domestic Dog",37.8485229517799,-9.71104044356625
2015,"Domestic Dog",39.2922837352735,-10.0706320379871
2011,"Domestic Dog",39.9891844484553,-10.1982960011686
2015,"Domestic Dog",40.3256997247117,-10.3827091788742
2011,"Domestic Dog",38.274367979717,-9.646163889197
2011,"Domestic Dog",39.5753620206618,-10.8084822519622
2016,"Domestic Dog",39.3198444808371,-9.92536293686086
2013,"Domestic Dog",38.4846842919518,-10.0271672786953
2015,"Domestic Dog",38.700607635405,-10.9470241122262
2012,"Domestic Dog",37.6796432429033,-8.74539338448599
2013,"Domestic Dog",39.1996369230312,-8.74266781193206
2016,"Domestic Dog",37.3569990403229,-9.19346247674964
2015,"Domestic Dog",38.2362702873102,-10.0516151055661
2015,"Domestic Dog",39.0153271664999,-10.223877256301
2015,"Domestic Dog",37.1760964989669,-9.87760505428527
2012,"Domestic Dog",38.352098659412,-9.97308628636801
2013,"Wildlife",38.6130808577483,-8.61360353635534
2013,"Domestic Dog",39.1026649194226,-10.9188360084453
2015,"Domestic Dog",39.9996183098241,-10.2127522486076
2013,"Domestic Dog",37.576456191145,-9.79777394233618
2011,"Domestic Dog",37.5320754744661,-8.79274803909984
2016,"Domestic Dog",38.1501439831574,-10.6649323023611
2013,"Domestic Dog",39.0190092557325,-8.47583626863165
2011,"Domestic Dog",38.201878067609,-8.88805160890369
2012,"Domestic Dog",39.3759158014752,-9.77782256733337
2012,"Domestic Dog",38.9318754561593,-10.0218235101134
2018,"Wildlife",37.9860540781008,-8.8878470128276
2018,"Wildlife",37.7614287533839,-8.69381041745791
2018,"Domestic Dog",38.9400974683231,-8.98451213914914
2018,"Domestic Dog",38.1661754107677,-8.5985095067904
2017,"Wildlife",37.6809836471965,-10.1687914415102
2017,"Domestic Dog",39.6414313149131,-10.2560918629547
2017,"Domestic Dog",38.8781343793803,-9.5559166099381
2017,"Domestic Dog",38.8872460094449,-10.5195239061468
2017,"Domestic Dog",38.7388300055252,-8.58752022216246
2018,"Domestic Dog",38.7402083313495,-11.0118470675925
2017,"Domestic Dog",39.4973475615371,-8.88447984512318
2017,"Domestic Dog",38.8355027839541,-9.99119890064344
2017,"Domestic Dog",39.6681743092817,-10.8527197058023
2017,"Domestic Dog",38.2415542060653,-10.6880784734727
2019,"Domestic Dog",38.1697013636879,-10.201349430546
2018,"Domestic Dog",38.4644084125766,-9.18090075562439
2019,"Domestic Dog",39.1598592913085,-10.5645056463251
2019,"Domestic Dog",38.8488694533007,-10.8583003915038
2019,"Domestic Dog",37.8146026976686,-10.1272939797702
2019,"Domestic Dog",38.1314157149586,-10.5022394728657
2019,"Domestic Dog",37.9250387251486,-10.5016256643511
2018,"Wildlife",38.3151392324997,-9.02993723695915
2018,"Wildlife",37.3870334975118,-9.70826727271525
2017,"Wildlife",38.8801871268688,-9.11338393853393
2018,"Wildlife",38.7780214490552,-8.94694579461901
2018,"Wildlife",37.4498844597553,-8.58349380692671
2017,"Wildlife",38.7310272045705,-8.9355686517887
2018,"Wildlife",39.3982865385762,-8.77709891137503
2018,"Wildlife",39.2020193466773,-9.72264632567788
2017,"Domestic Dog",38.2427249644278,-9.7212251767544
2018,"Wildlife",37.3852229488416,-9.2336729773596
2018,"Domestic Dog",39.2124331797018,-9.77758371651773
2018,"Domestic Dog",38.2488512103414,-8.77155978674921
2018,"Domestic Dog",39.3447411060194,-8.97563440190215
2018,"Domestic Dog",37.2396725304112,-9.57619530052429
2014,"Wildlife",39.2528636283587,-9.23412367622004
2017,"Wildlife",37.8157327398086,-9.86269166422572
2018,"Domestic Dog",37.3001246406198,-9.63766088649902
2018,"Wildlife",39.0249855218158,-9.2655672931914
2018,"Domestic Dog",37.3041284299806,-10.0880866738461
2019,"Domestic Dog",38.0601818126256,-8.96550184604872
2019,"Domestic Dog",37.687224408839,-9.18818608404489
2018,"Domestic Dog",39.2493534101508,-10.5952054459789
2018,"Domestic Dog",38.3485465141706,-11.221715032815
2017,"Domestic Dog",38.4897079180104,-10.2060604309793
2018,"Domestic Dog",37.2846647948592,-10.1367685547728
2018,"Domestic Dog",39.0803925103252,-10.4501854840996
2018,"Domestic Dog",37.8580355101423,-9.59504185833912
2019,"Domestic Dog",37.4988760958531,-8.72486806691584
2019,"Domestic Dog",38.3945651407045,-9.77947283448742
2018,"Domestic Dog",38.0854305472767,-10.0120875818509
2017,"Domestic Dog",38.9872241300511,-9.29149792978893
2018,"Domestic Dog",39.4167268369735,-8.76299116821882
2018,"Domestic Dog",38.7508269496355,-10.6743712674951
2018,"Domestic Dog",38.3213244475682,-9.63201512052503
2019,"Wildlife",38.0624651521359,-8.21744819567107
2019,"Domestic Dog",37.4540589026679,-8.74580101134247
2019,"Domestic Dog",38.0467696137918,-9.15485398122689
2019,"Domestic Dog",38.7114518967106,-10.540291267606
2019,"Domestic Dog",38.6609212258748,-8.51194014335312
2019,"Domestic Dog",39.6067262479933,-9.20530149622589
2019,"Domestic Dog",38.9138437747922,-10.3895917864921
2019,"Domestic Dog",38.2014654375818,-9.48107998166888
2019,"Domestic Dog",39.1536022819828,-9.75429595795922
2019,"Domestic Dog",39.3530969369359,-10.7845145902985
2019,"Domestic Dog",39.4008650719488,-8.82510821663056
2019,"Domestic Dog",39.2088959797308,-10.2594327849753
2019,"Domestic Dog",37.5982921337291,-8.81437845299831
2019,"Domestic Dog",38.3191996651593,-9.65591812143825
2019,"Domestic Dog",37.9142637265561,-8.83024122938542
2019,"Domestic Dog",38.1081570279445,-8.40349208285483
2019,"Domestic Dog",38.952845453278,-10.2690236446511
2019,"Domestic Dog",38.2576215283059,-9.93498838721837
2019,"Domestic Dog",38.4864190683432,-10.7830457692356
